"STATION","photo"
"CP5523","CP5523/100_0652.JPG"
"CP5523","CP5523/100_0653.JPG"
"CP5523","CP5523/CP5523/P6192912.JPG"
"CP5523","CP5523/CP5523/P6192913.JPG"
"CP5523","CP5523/CP5523/P6192914.JPG"
"CP5523","CP5523/CP5523/P6192915.JPG"
"CP5523","CP5523/CP5523/P6192916.JPG"
"CP5523","CP5523/CP5523/P6192917.JPG"
"CP5523","CP5523/CP5523/P6192918.JPG"
"CP5523","CP5523/CP5523/P6192919.JPG"
"CP5523","CP5523/CP5523/P6192920.JPG"
"CP5523","CP5523/CP5523/P6192921.JPG"
"CP5523","CP5523/CP5523/P6192922.JPG"
"CP5523","CP5523/CP5523/P6192923.JPG"
"CP5523","CP5523/CP5523/P6192924.JPG"
"CP5523","CP5523/CP5523/P6192925.JPG"
"CP5523","CP5523/CP5523/P6192926.JPG"
"CP5523","CP5523/IMG_4862.JPG"
"CP5523","CP5523/P1140778.JPG"
"CP5523","CP5523/P1140783.JPG"
"CP5523","CP5523/P1140784.JPG"
"CP5523","CP5523/P1140785.JPG"
"CP5523","CP5523/P1140786.JPG"
"CP5523","CP5523/P1140787.JPG"
"CP5523","CP5523/P1140788.JPG"
"CP5523","CP5523/P1140789.JPG"
"CP5523","CP5523/P1140790.JPG"
"CP5523","CP5523/P1140791.JPG"
"CP5523","CP5523/P1140792.JPG"
"CP5523","CP5523/P1140793.JPG"
"CP5523","CP5523/P1140794.JPG"
"CP5523","CP5523/P1140795.JPG"
"CP5523","CP5523/P1140796.JPG"
"CP5523","CP5523/P1140797.JPG"
"CP5523","CP5523/P1140798.JPG"
"CP5523","CP5523/P1140799.JPG"
"CP5523","CP5523/P1140800.JPG"
"CP5523","CP5523/P1140801.JPG"
"CP5523","CP5523/P1140802.JPG"
"CP5523","CP5523/P1140803.JPG"
"CP5523","CP5523/P1140804.JPG"
"CP5523","CP5523/P1140805.JPG"
"CP5523","CP5523/P1140806.JPG"
"CP5523","CP5523/P1140807.JPG"
"CP5523","CP5523/P1140808.JPG"
"CP5523","CP5523/P1140809.JPG"
"CP5523","CP5523/P1140810.JPG"
"CP5523","CP5523/P1140811.JPG"
"CP5523","CP5523/P1140812.JPG"
"CP5523","CP5523/P1140813.JPG"
"CP5523","CP5523/P1140814.JPG"
"CP5523","CP5523/P1140815.JPG"
"CP5523","CP5523/P1140816.JPG"
"CP5523","CP5523/P1140817.JPG"
"CP5523","CP5523/P1140818.JPG"
"CP5523","CP5523/P1140819.JPG"
"CP5523","CP5523/P1140820.JPG"
"CP5523","CP5523/P1140821.JPG"
"CP5523","CP5523/P1140822.JPG"
"CP5523","CP5523/P1140823.JPG"
"CP5523","CP5523/P1140824.JPG"
"CP5523","CP5523/P1140825.JPG"
"CP5523","CP5523/P1140826.JPG"
"CP5523","CP5523/P1140827.JPG"
"CP5523","CP5523/P1140828.JPG"
"CP5523","CP5523/P1140829.JPG"
"CP5523","CP5523/P1140830.JPG"
"CP5523","CP5523/P1140831.JPG"
"CP5523","CP5523/P1140832.JPG"
"CP5523","CP5523/P1140833.JPG"
"CP5523","CP5523/P1140834.JPG"
"CP5523","CP5523/P1140835.JPG"
"CP5523","CP5523/P1140836.JPG"
"CP5523","CP5523/P1140837.JPG"
"CP5523","CP5523/P1140838.JPG"
"CP5523","CP5523/P1140839.JPG"
"CP5523","CP5523/P1140840.JPG"
"CP5523","CP5523/P6192927.JPG"
"CP5523","CP5523/P6192928.JPG"
"CP5523","CP5523/P6192929.JPG"
"CP5523","CP5523/P6192930.JPG"
"CP5523","CP5523/P6192931.JPG"
"CP5523","CP5523/P6290228.JPG"
"CP5523","CP5523/P6290229.JPG"
"CP5523","CP5523/P6290230.JPG"
"CP5523","CP5523/P6290231.JPG"
"CP5523","CP5523/P6290232.JPG"
"CP5523","CP5523/P6290233.JPG"
"CP5523","CP5523/P6290234.JPG"
"CP5523","CP5523/P6290235.JPG"
"CP5523","CP5523/P6290236.JPG"
"CP5523","CP5523/P6290237.JPG"
"CP5523","CP5523/P6290238.JPG"
"CP5523","CP5523/P6290239.JPG"
"CP5523","CP5523/P6290240.JPG"
"CP5523","CP5523/P6290241.JPG"
"CP5523","CP5523/P6290242.JPG"
"CP5523","CP5523/P6290243.JPG"
"CP5523","CP5523/P6290244.JPG"
"CP5523","CP5523/P6290245.JPG"
"CP5523","CP5523/P6290246.JPG"
"CP5523","CP5523/P6290247.JPG"
"CP5523","CP5523/P6290248.JPG"
"CP5523","CP5523/P6290249.JPG"
"CP5523","CP5523/P6290250.JPG"
"CP5523","CP5523/P6290251.JPG"
"CP5524","CP5524/100_0654.JPG"
"CP5525","CP5525/100_0655.JPG"
"CP5525","CP5525/CP5525/P6202943.JPG"
"CP5525","CP5525/CP5525/P6202944.JPG"
"CP5525","CP5525/CP5525/P6202945.JPG"
"CP5525","CP5525/CP5525/P6202946.JPG"
"CP5525","CP5525/CP5525/P6202947.JPG"
"CP5525","CP5525/CP5525/P6202948.JPG"
"CP5525","CP5525/CP5525/P6202949.JPG"
"CP5525","CP5525/CP5525/P6202950.JPG"
"CP5525","CP5525/P1140849.JPG"
"CP5525","CP5525/P1140850.JPG"
"CP5525","CP5525/P1140851.JPG"
"CP5525","CP5525/P1140852.JPG"
"CP5525","CP5525/P1140853.JPG"
"CP5525","CP5525/P1140854.JPG"
"CP5525","CP5525/P1140855.JPG"
"CP5525","CP5525/P1140856.JPG"
"CP5525","CP5525/P1140857.JPG"
"CP5525","CP5525/P1140858.JPG"
"CP5525","CP5525/P1140860.JPG"
"CP5525","CP5525/P1140861.JPG"
"CP5525","CP5525/P1140862.JPG"
"CP5525","CP5525/P6300252.JPG"
"CP5525","CP5525/P6300253.JPG"
"CP5525","CP5525/P6300254.JPG"
"CP5526","CP5526/100_0656.JPG"
"CP5526","CP5526/CP5526/P6202951.JPG"
"CP5526","CP5526/CP5526/P6202952.JPG"
"CP5526","CP5526/CP5526/P6202953.JPG"
"CP5526","CP5526/CP5526/P6202954.JPG"
"CP5526","CP5526/CP5526/P6202955.JPG"
"CP5526","CP5526/CP5526/P6202956.JPG"
"CP5526","CP5526/CP5526/P6202957.JPG"
"CP5526","CP5526/IMG_4861.JPG"
"CP5526","CP5526/P1140859.JPG"
"CP5526","CP5526/P1140863.JPG"
"CP5526","CP5526/P1140864.JPG"
"CP5526","CP5526/P1140865.JPG"
"CP5526","CP5526/P1140866.JPG"
"CP5526","CP5526/P1140867.JPG"
"CP5526","CP5526/P1140868.JPG"
"CP5526","CP5526/P1140869.JPG"
"CP5526","CP5526/P1140870.JPG"
"CP5526","CP5526/P1140871.JPG"
"CP5526","CP5526/P1140872.JPG"
"CP5526","CP5526/P1140873.JPG"
"CP5526","CP5526/P1140874.JPG"
"CP5526","CP5526/P1140875.JPG"
"CP5526","CP5526/P1140876.JPG"
"CP5526","CP5526/P1140877.JPG"
"CP5526","CP5526/P1140878.JPG"
"CP5526","CP5526/P1140879.JPG"
"CP5526","CP5526/P1140880.JPG"
"CP5526","CP5526/P1140881.JPG"
"CP5526","CP5526/P1140882.JPG"
"CP5526","CP5526/P1140883.JPG"
"CP5526","CP5526/P1140884.JPG"
"CP5526","CP5526/P1140885.JPG"
"CP5526","CP5526/P1140886.JPG"
"CP5526","CP5526/P1140887.JPG"
"CP5526","CP5526/P1140888.JPG"
"CP5526","CP5526/P1140889.JPG"
"CP5526","CP5526/P1140890.JPG"
"CP5526","CP5526/P6290201.JPG"
"CP5526","CP5526/P6290202.JPG"
"CP5526","CP5526/P6290203.JPG"
"CP5526","CP5526/P6290204.JPG"
"CP5526","CP5526/P6290205.JPG"
"CP5526","CP5526/P6290206.JPG"
"CP5526","CP5526/P6290207.JPG"
"CP5526","CP5526/P6290208.JPG"
"CP5527","CP5527/100_0657.JPG"
"CP5527","CP5527/P1140892.JPG"
"CP5527","CP5527/P1140893.JPG"
"CP5527","CP5527/P1140894.JPG"
"CP5527","CP5527/P1140895.JPG"
"CP5527","CP5527/P1140896.JPG"
"CP5527","CP5527/P1140897.JPG"
"CP5527","CP5527/P1140898.JPG"
"CP5527","CP5527/P1140899.JPG"
"CP5527","CP5527/P1140900.JPG"
"CP5527","CP5527/P1140901.JPG"
"CP5527","CP5527/P1140902.JPG"
"CP5527","CP5527/P1140903.JPG"
"CP5527","CP5527/P1140904.JPG"
"CP5527","CP5527/P1140905.JPG"
"CP5527","CP5527/P1140906.JPG"
"CP5527","CP5527/P1140907.JPG"
"CP5527","CP5527/P1140908.JPG"
"CP5527","CP5527/P1140909.JPG"
"CP5527","CP5527/P1140910.JPG"
"CP5527","CP5527/P1140911.JPG"
"CP5527","CP5527/P1140912.JPG"
"CP5527","CP5527/P1140913.JPG"
"CP5527","CP5527/P1140914.JPG"
"CP5527","CP5527/P1140915.JPG"
"CP5528","CP5528/100_0658.JPG"
"CP5528","CP5528/P1140916.JPG"
"CP5528","CP5528/P1140917.JPG"
"CP5528","CP5528/P1140918.JPG"
"CP5528","CP5528/P1140919.JPG"
"CP5528","CP5528/P1140920.JPG"
"CP5528","CP5528/P1140921.JPG"
"CP5528","CP5528/P1140922.JPG"
"CP5528","CP5528/P1140923.JPG"
"CP5528","CP5528/P1140924.JPG"
"CP5528","CP5528/P1140925.JPG"
"CP5528","CP5528/P6290209.JPG"
"CP5528","CP5528/P6290210.JPG"
"CP5528","CP5528/P6290211.JPG"
"CP5528","CP5528/P6290212.JPG"
"CP5528","CP5528/P6290213.JPG"
"CP5528","CP5528/P6290214.JPG"
"CP5528","CP5528/P6290215.JPG"
"CP5528","CP5528/P6290216.JPG"
"CP5528","CP5528/P6290217.JPG"
"CP5528","CP5528/P6290218.JPG"
"CP5528","CP5528/P6290219.JPG"
"CP5528","CP5528/P6290220.JPG"
"CP5528","CP5528/P6290221.JPG"
"CP5528","CP5528/P6290222.JPG"
"CP5528","CP5528/P6290223.JPG"
"CP5528","CP5528/P6290224.JPG"
"CP5528","CP5528/P6290225.JPG"
"CP5528","CP5528/P6290226.JPG"
"CP5528","CP5528/P6290227.JPG"
"CP5530","CP5530/100_0660.JPG"
"CP5530","CP5530/IMG_4906.JPG"
"CP5530","CP5530/IMG_4907.JPG"
"CP5530","CP5530/IMG_4908.JPG"
"CP5530","CP5530/IMG_4909.JPG"
"CP5530","CP5530/P1140929.JPG"
"CP5530","CP5530/P1140930.JPG"
"CP5530","CP5530/P1140931.JPG"
"CP5530","CP5530/P1140932.JPG"
"CP5530","CP5530/P1140933.JPG"
"CP5530","CP5530/P1140934.JPG"
"CP5530","CP5530/P1140935.JPG"
"CP5530","CP5530/P1140936.JPG"
"CP5530","CP5530/P1140937.JPG"
"CP5530","CP5530/P1140938.JPG"
"CP5530","CP5530/P1140939.JPG"
"CP5530","CP5530/P1140940.JPG"
"CP5530","CP5530/P1140941.JPG"
"CP5530","CP5530/P1140942.JPG"
"CP5530","CP5530/P1140943.JPG"
"CP5530","CP5530/P1140944.JPG"
"CP5530","CP5530/P1140945.JPG"
"CP5530","CP5530/P1140946.JPG"
"CP5530","CP5530/P1140947.JPG"
"CP5530","CP5530/P6300256.JPG"
"CP5530","CP5530/P6300257.JPG"
"CP5530","CP5530/P6300258.JPG"
"CP5530","CP5530/P6300259.JPG"
"CP5530","CP5530/P6300260.JPG"
"CP5530","CP5530/P6300261.JPG"
"CP5530","CP5530/P6300262.JPG"
"CP5530","CP5530/P6300263.JPG"
"CP5530","CP5530/P6300264.JPG"
"CP5530","CP5530/P6300265.JPG"
"CP5530","CP5530/P6300266.JPG"
"CP5530","CP5530/P6300267.JPG"
"CP5530","CP5530/P6300268.JPG"
"CP5530","CP5530/P6300269.JPG"
"CP5530","CP5530/P6300270.JPG"
"CP5530","CP5530/P6300271.JPG"
"CP5530","CP5530/P6300272.JPG"
"CP5530","CP5530/P6300273.JPG"
"CP5530","CP5530/P6300274.JPG"
"CP5530","CP5530/P6300275.JPG"
"CP5530","CP5530/P6300276.JPG"
"CP5530","CP5530/P6300277.JPG"
"CP5530","CP5530/P6300278.JPG"
"CP5530","CP5530/P6300279.JPG"
"CP5530","CP5530/P6300280.JPG"
"CP5530","CP5530/P6300281.JPG"
"CP5530","CP5530/P6300282.JPG"
"CP5530","CP5530/P6300283.JPG"
"CP5530","CP5530/P6300284.JPG"
"CP5531","CP5531/100_0661.JPG"
"CP5531","CP5531/CP5531/P6212958.JPG"
"CP5531","CP5531/CP5531/P6212959.JPG"
"CP5531","CP5531/CP5531/P6212960.JPG"
"CP5531","CP5531/CP5531/P6212961.JPG"
"CP5531","CP5531/CP5531/P6212962.JPG"
"CP5531","CP5531/CP5531/P6212963.JPG"
"CP5531","CP5531/CP5531/P6212964.JPG"
"CP5531","CP5531/CP5531/P6212965.JPG"
"CP5531","CP5531/P1140948.JPG"
"CP5531","CP5531/P1140949.JPG"
"CP5531","CP5531/P1140950.JPG"
"CP5531","CP5531/P1140951.JPG"
"CP5531","CP5531/P1140952.JPG"
"CP5531","CP5531/P1140953.JPG"
"CP5531","CP5531/P1140954.JPG"
"CP5531","CP5531/P1140955.JPG"
"CP5531","CP5531/P1140956.JPG"
"CP5531","CP5531/P1140957.JPG"
"CP5531","CP5531/P1140958.JPG"
"CP5531","CP5531/P1140959.JPG"
"CP5531","CP5531/P1140960.JPG"
"CP5531","CP5531/P1140961.JPG"
"CP5531","CP5531/P1140962.JPG"
"CP5531","CP5531/P6300329.JPG"
"CP5531","CP5531/P6300330.JPG"
"CP5531","CP5531/P6300331.JPG"
"CP5531","CP5531/P6300332.JPG"
"CP5531","CP5531/P6300333.JPG"
"CP5531","CP5531/P6300334.JPG"
"CP5531","CP5531/P6300335.JPG"
"CP5531","CP5531/P6300336.JPG"
"CP5531","CP5531/P6300337.JPG"
"CP5531","CP5531/P6300338.JPG"
"CP5531","CP5531/P6300339.JPG"
"CP5531","CP5531/P6300340.JPG"
"CP5531","CP5531/P6300341.JPG"
"CP5531","CP5531/P6300342.JPG"
"CP5531","CP5531/P6300343.JPG"
"CP5532","CP5532/100_0662.JPG"
"CP5532","CP5532/CP5532/P6212966.JPG"
"CP5532","CP5532/CP5532/P6212967.JPG"
"CP5532","CP5532/CP5532/P6212968.JPG"
"CP5532","CP5532/CP5532/P6212969.JPG"
"CP5532","CP5532/IMG_4910.JPG"
"CP5532","CP5532/IMG_4911.JPG"
"CP5532","CP5532/P1140963.JPG"
"CP5532","CP5532/P1140964.JPG"
"CP5532","CP5532/P1140965.JPG"
"CP5532","CP5532/P1140966.JPG"
"CP5532","CP5532/P1140967.JPG"
"CP5532","CP5532/P1140968.JPG"
"CP5532","CP5532/P1140969.JPG"
"CP5532","CP5532/P1140970.JPG"
"CP5532","CP5532/P1140971.JPG"
"CP5532","CP5532/P1140972.JPG"
"CP5532","CP5532/P1140973.JPG"
"CP5532","CP5532/P1140974.JPG"
"CP5532","CP5532/P1140975.JPG"
"CP5532","CP5532/P1140976.JPG"
"CP5532","CP5532/P1140977.JPG"
"CP5532","CP5532/P1140978.JPG"
"CP5532","CP5532/P1140979.JPG"
"CP5532","CP5532/P1140980.JPG"
"CP5532","CP5532/P1140981.JPG"
"CP5532","CP5532/P1140982.JPG"
"CP5532","CP5532/P1140983.JPG"
"CP5532","CP5532/P1140984.JPG"
"CP5532","CP5532/P1140985.JPG"
"CP5532","CP5532/P1140986.JPG"
"CP5532","CP5532/P1140987.JPG"
"CP5532","CP5532/P1140988.JPG"
"CP5532","CP5532/P1140989.JPG"
"CP5532","CP5532/P1140990.JPG"
"CP5532","CP5532/P1140991.JPG"
"CP5532","CP5532/P1140992.JPG"
"CP5532","CP5532/P6270175.JPG"
"CP5532","CP5532/P6270176.JPG"
"CP5532","CP5532/P6270177.JPG"
"CP5532","CP5532/P6270178.JPG"
"CP5532","CP5532/P6270179.JPG"
"CP5532","CP5532/P6270180.JPG"
"CP5532","CP5532/P6270181.JPG"
"CP5532","CP5532/P6270182.JPG"
"CP5532","CP5532/P6270183.JPG"
"CP5532","CP5532/P6270184.JPG"
"CP5532","CP5532/P6270185.JPG"
"CP5532","CP5532/P6270186.JPG"
"CP5532","CP5532/P6270187.JPG"
"CP5532","CP5532/P6270188.JPG"
"CP5532","CP5532/P6300255.JPG"
"CP5532","CP5532/P6300285.JPG"
"CP5532","CP5532/P6300286.JPG"
"CP5532","CP5532/P6300287.JPG"
"CP5532","CP5532/P6300288.JPG"
"CP5532","CP5532/P6300289.JPG"
"CP5532","CP5532/P6300290.JPG"
"CP5532","CP5532/P6300291.JPG"
"CP5532","CP5532/P6300292.JPG"
"CP5532","CP5532/P6300293.JPG"
"CP5532","CP5532/P6300294.JPG"
"CP5532","CP5532/P6300295.JPG"
"CP5532","CP5532/P6300296.JPG"
"CP5532","CP5532/P6300297.JPG"
"CP5532","CP5532/P6300298.JPG"
"CP5532","CP5532/P6300299.JPG"
"CP5532","CP5532/P6300300.JPG"
"CP5532","CP5532/P6300301.JPG"
"CP5532","CP5532/P6300302.JPG"
"CP5532","CP5532/P6300303.JPG"
"CP5532","CP5532/P6300304.JPG"
"CP5532","CP5532/P6300305.JPG"
"CP5532","CP5532/P6300306.JPG"
"CP5532","CP5532/P6300307.JPG"
"CP5532","CP5532/P6300308.JPG"
"CP5532","CP5532/P6300309.JPG"
"CP5532","CP5532/P6300310.JPG"
"CP5532","CP5532/P6300311.JPG"
"CP5532","CP5532/P6300312.JPG"
"CP5532","CP5532/P6300313.JPG"
"CP5533","CP5533/100_0663.JPG"
"CP5533","CP5533/P1140993.JPG"
"CP5533","CP5533/P1140994.JPG"
"CP5533","CP5533/P1140995.JPG"
"CP5533","CP5533/P1140996.JPG"
"CP5533","CP5533/P1140997.JPG"
"CP5533","CP5533/P1140998.JPG"
"CP5533","CP5533/P1140999.JPG"
"CP5533","CP5533/P1150001.JPG"
"CP5533","CP5533/P1150002.JPG"
"CP5533","CP5533/P1150003.JPG"
"CP5533","CP5533/P1150004.JPG"
"CP5533","CP5533/P1150005.JPG"
"CP5533","CP5533/P1150006.JPG"
"CP5533","CP5533/P1150007.JPG"
"CP5533","CP5533/P1150008.JPG"
"CP5533","CP5533/P1150009.JPG"
"CP5533","CP5533/P1150010.JPG"
"CP5533","CP5533/P1150011.JPG"
"CP5533","CP5533/P1150012.JPG"
"CP5533","CP5533/P1150013.JPG"
"CP5533","CP5533/P1150014.JPG"
"CP5533","CP5533/P1150015.JPG"
"CP5533","CP5533/P1150016.JPG"
"CP5533","CP5533/P1150017.JPG"
"CP5533","CP5533/P1150018.JPG"
"CP5533","CP5533/P1150019.JPG"
"CP5533","CP5533/P1150020.JPG"
"CP5533","CP5533/P1150021.JPG"
"CP5533","CP5533/P1150022.JPG"
"CP5533","CP5533/P6270189.JPG"
"CP5533","CP5533/P6270190.JPG"
"CP5533","CP5533/P6270191.JPG"
"CP5533","CP5533/P6270192.JPG"
"CP5533","CP5533/P6270193.JPG"
"CP5533","CP5533/P6270194.JPG"
"CP5533","CP5533/P6270195.JPG"
"CP5533","CP5533/P6270196.JPG"
"CP5533","CP5533/P6270197.JPG"
"CP5533","CP5533/P6270198.JPG"
"CP5533","CP5533/P6270199.JPG"
"CP5533","CP5533/P6270200.JPG"
"CP5533","CP5533/P6300314.JPG"
"CP5533","CP5533/P6300315.JPG"
"CP5533","CP5533/P6300316.JPG"
"CP5533","CP5533/P6300317.JPG"
"CP5533","CP5533/P6300318.JPG"
"CP5533","CP5533/P6300319.JPG"
"CP5533","CP5533/P6300320.JPG"
"CP5533","CP5533/P6300321.JPG"
"CP5533","CP5533/P6300322.JPG"
"CP5533","CP5533/P6300323.JPG"
"CP5533","CP5533/P6300324.JPG"
"CP5533","CP5533/P6300325.JPG"
"CP5533","CP5533/P6300326.JPG"
"CP5533","CP5533/P6300327.JPG"
"CP5533","CP5533/P6300328.JPG"
"CP5534","CP5534/100_0664.JPG"
"CP5534","CP5534/P1150023.JPG"
"CP5534","CP5534/P1150024.JPG"
"CP5534","CP5534/P1150025.JPG"
"CP5534","CP5534/P1150026.JPG"
"CP5534","CP5534/P1150027.JPG"
"CP5534","CP5534/P1150028.JPG"
"CP5534","CP5534/P1150029.JPG"
"CP5534","CP5534/P1150030.JPG"
"CP5534","CP5534/P1150031.JPG"
"CP5534","CP5534/P1150032.JPG"
"CP5534","CP5534/P1150033.JPG"
"CP5534","CP5534/P1150034.JPG"
"CP5534","CP5534/P1150035.JPG"
"CP5534","CP5534/P1150036.JPG"
"CP5534","CP5534/P1150037.JPG"
"CP5534","CP5534/P1150038.JPG"
"CP5534","CP5534/P1150039.JPG"
"CP5534","CP5534/P1150040.JPG"
"CP5534","CP5534/P1150041.JPG"
"CP5534","CP5534/P1150042.JPG"
"CP5534","CP5534/P1150043.JPG"
"CP5534","CP5534/P1150044.JPG"
"CP5534","CP5534/P6270164.JPG"
"CP5534","CP5534/P6270165.JPG"
"CP5534","CP5534/P6270166.JPG"
"CP5534","CP5534/P6270167.JPG"
"CP5534","CP5534/P6270168.JPG"
"CP5534","CP5534/P6270169.JPG"
"CP5534","CP5534/P6270170.JPG"
"CP5534","CP5534/P6270171.JPG"
"CP5534","CP5534/P6270172.JPG"
"CP5534","CP5534/P6270173.JPG"
"CP5534","CP5534/P6270174.JPG"
"CP5536","CP5536/100_0666.JPG"
"CP5536","CP5536/P1150048.JPG"
"CP5536","CP5536/P1150049.JPG"
"CP5536","CP5536/P1150050.JPG"
"CP5536","CP5536/P1150051.JPG"
"CP5536","CP5536/P1150052.JPG"
"CP5536","CP5536/P1150053.JPG"
"CP5536","CP5536/P1150054.JPG"
"CP5536","CP5536/P1150055.JPG"
"CP5536","CP5536/P1150056.JPG"
"CP5536","CP5536/P1150057.JPG"
"CP5536","CP5536/P1150058.JPG"
"CP5536","CP5536/P1150059.JPG"
"CP5536","CP5536/P1150060.JPG"
"CP5536","CP5536/P1150061.JPG"
"CP5536","CP5536/P1150062.JPG"
"CP5536","CP5536/P1150063.JPG"
"CP5536","CP5536/P1150064.JPG"
"CP5536","CP5536/P1150065.JPG"
"CP5536","CP5536/P1150066.JPG"
"CP5536","CP5536/P1150067.JPG"
"CP5536","CP5536/P1150068.JPG"
"CP5536","CP5536/P1150069.JPG"
"CP5536","CP5536/P1150070.JPG"
"CP5536","CP5536/P1150071.JPG"
"CP5536","CP5536/P1150072.JPG"
"CP5536","CP5536/P1150073.JPG"
"CP5536","CP5536/P1150074.JPG"
"CP5536","CP5536/P1150075.JPG"
"CP5536","CP5536/P1150076.JPG"
"CP5536","CP5536/P1150085.JPG"
"CP5536","CP5536/P1150086.JPG"
"CP5536","CP5536/P1150087.JPG"
"CP5536","CP5536/P7060667.JPG"
"CP5536","CP5536/P7060668.JPG"
"CP5536","CP5536/P7060669.JPG"
"CP5536","CP5536/P7060670.JPG"
"CP5536","CP5536/P7060671.JPG"
"CP5536","CP5536/P7060672.JPG"
"CP5536","CP5536/P7060673.JPG"
"CP5536","CP5536/P7060674.JPG"
"CP5536","CP5536/P7060675.JPG"
"CP5537","CP5537/100_0667.JPG"
"CP5537","CP5537/P1150078.JPG"
"CP5537","CP5537/P1150079.JPG"
"CP5537","CP5537/P1150080.JPG"
"CP5537","CP5537/P1150081.JPG"
"CP5537","CP5537/P1150082.JPG"
"CP5537","CP5537/P1150083.JPG"
"CP5537","CP5537/P1150084.JPG"
"CP5537","CP5537/P1150088.JPG"
"CP5537","CP5537/P1150089.JPG"
"CP5537","CP5537/P1150090.JPG"
"CP5537","CP5537/P1150091.JPG"
"CP5537","CP5537/P1150092.JPG"
"CP5537","CP5537/P1150093.JPG"
"CP5537","CP5537/P1150094.JPG"
"CP5537","CP5537/P1150095.JPG"
"CP5537","CP5537/P1150096.JPG"
"CP5537","CP5537/P1150097.JPG"
"CP5537","CP5537/P1150098.JPG"
"CP5537","CP5537/P1150099.JPG"
"CP5538","CP5538/100_0668.JPG"
"CP5538","CP5538/100_0669.JPG"
"CP5538","CP5538/IMG_4840.JPG"
"CP5538","CP5538/IMG_4841.JPG"
"CP5538","CP5538/IMG_4848.JPG"
"CP5538","CP5538/IMG_4904.JPG"
"CP5538","CP5538/IMG_4905.JPG"
"CP5538","CP5538/IMG_4912.JPG"
"CP5538","CP5538/IMG_4913.JPG"
"CP5538","CP5538/P1150100.JPG"
"CP5538","CP5538/P1150101.JPG"
"CP5538","CP5538/P1150102.JPG"
"CP5538","CP5538/P1150103.JPG"
"CP5538","CP5538/P1150104.JPG"
"CP5538","CP5538/P1150105.JPG"
"CP5538","CP5538/P1150106.JPG"
"CP5538","CP5538/P1150107.JPG"
"CP5538","CP5538/P1150108.JPG"
"CP5538","CP5538/P1150109.JPG"
"CP5538","CP5538/P1150110.JPG"
"CP5538","CP5538/P1150111.JPG"
"CP5538","CP5538/P1150112.JPG"
"CP5538","CP5538/P1150113.JPG"
"CP5538","CP5538/P1150114.JPG"
"CP5538","CP5538/P1150115.JPG"
"CP5538","CP5538/P1150116.JPG"
"CP5538","CP5538/P1150117.JPG"
"CP5538","CP5538/P1150118.JPG"
"CP5538","CP5538/P1150119.JPG"
"CP5538","CP5538/P1150120.JPG"
"CP5538","CP5538/P1150121.JPG"
"CP5538","CP5538/P1150122.JPG"
"CP5538","CP5538/P1150123.JPG"
"CP5538","CP5538/P1150124.JPG"
"CP5538","CP5538/P1150125.JPG"
"CP5538","CP5538/P1150126.JPG"
"CP5538","CP5538/P1150127.JPG"
"CP5538","CP5538/P1150128.JPG"
"CP5538","CP5538/P1150129.JPG"
"CP5539","CP5539/100_0670.JPG"
"CP5539","CP5539/P1150130.JPG"
"CP5539","CP5539/P1150131.JPG"
"CP5539","CP5539/P1150132.JPG"
"CP5539","CP5539/P1150133.JPG"
"CP5539","CP5539/P1150134.JPG"
"CP5539","CP5539/P1150135.JPG"
"CP5539","CP5539/P1150136.JPG"
"CP5539","CP5539/P1150137.JPG"
"CP5539","CP5539/P1150138.JPG"
"CP5539","CP5539/P1150139.JPG"
"CP5539","CP5539/P1150140.JPG"
"CP5539","CP5539/P1150141.JPG"
"CP5539","CP5539/P1150142.JPG"
"CP5539","CP5539/P1150143.JPG"
"CP5539","CP5539/P1150144.JPG"
"CP5539","CP5539/P1150145.JPG"
"CP5539","CP5539/P1150146.JPG"
"CP5539","CP5539/P1150147.JPG"
"CP5539","CP5539/P1150148.JPG"
"CP5539","CP5539/P1150149.JPG"
"CP5539","CP5539/P7040492.JPG"
"CP5539","CP5539/P7040493.JPG"
"CP5539","CP5539/P7040494.JPG"
"CP5539","CP5539/P7040495.JPG"
"CP5539","CP5539/P7040496.JPG"
"CP5539","CP5539/P7040497.JPG"
"CP5539","CP5539/P7040498.JPG"
"CP5539","CP5539/P7040519.JPG"
"CP5539","CP5539/P7040520.JPG"
"CP5539","CP5539/P7040521.JPG"
"CP5539","CP5539/P7040522.JPG"
"CP5539","CP5539/P7060676.JPG"
"CP5540","CP5540/100_0671.JPG"
"CP5540","CP5540/P1150150.JPG"
"CP5541","CP5541/100_0672.JPG"
"CP5541","CP5541/P1150151.JPG"
"CP5541","CP5541/P1150152.JPG"
"CP5541","CP5541/P1150153.JPG"
"CP5541","CP5541/P1150154.JPG"
"CP5541","CP5541/P1150155.JPG"
"CP5541","CP5541/P1150156.JPG"
"CP5541","CP5541/P1150157.JPG"
"CP5541","CP5541/P1150158.JPG"
"CP5541","CP5541/P1150159.JPG"
"CP5541","CP5541/P1150160.JPG"
"CP5541","CP5541/P1150161.JPG"
"CP5541","CP5541/P1150162.JPG"
"CP5541","CP5541/P1150163.JPG"
"CP5541","CP5541/P1150164.JPG"
"CP5541","CP5541/P1150165.JPG"
"CP5541","CP5541/P1150166.JPG"
"CP5541","CP5541/P1150167.JPG"
"CP5541","CP5541/P1150168.JPG"
"CP5541","CP5541/P6243088.JPG"
"CP5541","CP5541/P6243089.JPG"
"CP5541","CP5541/P6243090.JPG"
"CP5541","CP5541/P7060677.JPG"
"CP5541","CP5541/P7060678.JPG"
"CP5541","CP5541/P7060679.JPG"
"CP5541","CP5541/P7060680.JPG"
"CP5541","CP5541/P7060681.JPG"
"CP5541","CP5541/P7060682.JPG"
"CP5542","CP5542/100_0673.JPG"
"CP5542","CP5542/P1150169.JPG"
"CP5542","CP5542/P1150170.JPG"
"CP5542","CP5542/P1150171.JPG"
"CP5542","CP5542/P1150172.JPG"
"CP5542","CP5542/P1150173.JPG"
"CP5542","CP5542/P1150174.JPG"
"CP5542","CP5542/P1150175.JPG"
"CP5542","CP5542/P1150176.JPG"
"CP5542","CP5542/P1150177.JPG"
"CP5542","CP5542/P1150178.JPG"
"CP5542","CP5542/P1160107.JPG"
"CP5544","CP5544/100_0675.JPG"
"CP5544","CP5544/CP5544/P6243050.JPG"
"CP5544","CP5544/CP5544/P6243051.JPG"
"CP5544","CP5544/CP5544/P6243053.JPG"
"CP5544","CP5544/CP5544/P6243054.JPG"
"CP5544","CP5544/CP5544/P6243056.JPG"
"CP5544","CP5544/P1150181.JPG"
"CP5544","CP5544/P1150182.JPG"
"CP5544","CP5544/P1150183.JPG"
"CP5544","CP5544/P1150184.JPG"
"CP5544","CP5544/P1150185.JPG"
"CP5544","CP5544/P1150186.JPG"
"CP5544","CP5544/P1150187.JPG"
"CP5544","CP5544/P1150188.JPG"
"CP5544","CP5544/P1150189.JPG"
"CP5544","CP5544/P1150190.JPG"
"CP5544","CP5544/P1150191.JPG"
"CP5544","CP5544/P1150192.JPG"
"CP5544","CP5544/P1150193.JPG"
"CP5544","CP5544/P1150194.JPG"
"CP5544","CP5544/P1150195.JPG"
"CP5544","CP5544/P1150196.JPG"
"CP5544","CP5544/P1150197.JPG"
"CP5544","CP5544/P1150198.JPG"
"CP5544","CP5544/P1150199.JPG"
"CP5544","CP5544/P1150200.JPG"
"CP5544","CP5544/P1150201.JPG"
"CP5544","CP5544/P6243049.JPG"
"CP5545","CP5545/100_0676.JPG"
"CP5545","CP5545/CP5545/P6243057.JPG"
"CP5545","CP5545/CP5545/P6243058.JPG"
"CP5545","CP5545/CP5545/P6243059.JPG"
"CP5545","CP5545/CP5545/P6243060.JPG"
"CP5545","CP5545/CP5545/P6243062.JPG"
"CP5545","CP5545/CP5545/P6243064.JPG"
"CP5545","CP5545/CP5545/P6243066.JPG"
"CP5545","CP5545/IMG_4856.JPG"
"CP5545","CP5545/IMG_4857.JPG"
"CP5545","CP5545/IMG_4858.JPG"
"CP5545","CP5545/IMG_4859.JPG"
"CP5545","CP5545/IMG_4860.JPG"
"CP5545","CP5545/IMG_4869.JPG"
"CP5545","CP5545/IMG_4870.JPG"
"CP5545","CP5545/IMG_4871.JPG"
"CP5545","CP5545/IMG_4872.JPG"
"CP5545","CP5545/IMG_4873.JPG"
"CP5545","CP5545/IMG_4874.JPG"
"CP5545","CP5545/IMG_4875.JPG"
"CP5545","CP5545/IMG_4876.JPG"
"CP5545","CP5545/IMG_4877.JPG"
"CP5545","CP5545/IMG_4878.JPG"
"CP5545","CP5545/IMG_4879.JPG"
"CP5545","CP5545/IMG_4880.JPG"
"CP5545","CP5545/IMG_4881.JPG"
"CP5545","CP5545/IMG_4882.JPG"
"CP5545","CP5545/IMG_4883.JPG"
"CP5545","CP5545/IMG_4884.JPG"
"CP5545","CP5545/IMG_4885.JPG"
"CP5545","CP5545/IMG_4886.JPG"
"CP5545","CP5545/IMG_4887.JPG"
"CP5545","CP5545/IMG_4888.JPG"
"CP5545","CP5545/IMG_4889.JPG"
"CP5545","CP5545/IMG_4890.JPG"
"CP5545","CP5545/IMG_4891.JPG"
"CP5545","CP5545/IMG_4892.JPG"
"CP5545","CP5545/IMG_4893.JPG"
"CP5545","CP5545/IMG_4894.JPG"
"CP5545","CP5545/IMG_4895.JPG"
"CP5545","CP5545/IMG_4896.JPG"
"CP5545","CP5545/IMG_4897.JPG"
"CP5545","CP5545/IMG_4898.JPG"
"CP5545","CP5545/IMG_4901.JPG"
"CP5545","CP5545/IMG_4902.JPG"
"CP5545","CP5545/IMG_4903.JPG"
"CP5545","CP5545/IMG_4916.JPG"
"CP5545","CP5545/IMG_4917.JPG"
"CP5545","CP5545/P1150202.JPG"
"CP5545","CP5545/P1150203.JPG"
"CP5545","CP5545/P1150204.JPG"
"CP5545","CP5545/P1150205.JPG"
"CP5545","CP5545/P1150206.JPG"
"CP5545","CP5545/P1150207.JPG"
"CP5545","CP5545/P1150208.JPG"
"CP5545","CP5545/P1150209.JPG"
"CP5545","CP5545/P1150210.JPG"
"CP5545","CP5545/P1150211.JPG"
"CP5545","CP5545/P1150212.JPG"
"CP5545","CP5545/P1150213.JPG"
"CP5545","CP5545/P1150214.JPG"
"CP5545","CP5545/P1150215.JPG"
"CP5545","CP5545/P1150216.JPG"
"CP5545","CP5545/P1150217.JPG"
"CP5545","CP5545/P1150218.JPG"
"CP5545","CP5545/P1150219.JPG"
"CP5545","CP5545/P1150220.JPG"
"CP5545","CP5545/P1150221.JPG"
"CP5545","CP5545/P1150222.JPG"
"CP5545","CP5545/P1150223.JPG"
"CP5545","CP5545/P1150224.JPG"
"CP5545","CP5545/P1150225.JPG"
"CP5545","CP5545/P1150226.JPG"
"CP5545","CP5545/P1150227.JPG"
"CP5545","CP5545/P1150228.JPG"
"CP5545","CP5545/P1150229.JPG"
"CP5545","CP5545/P1150230.JPG"
"CP5545","CP5545/P1150231.JPG"
"CP5545","CP5545/P1150232.JPG"
"CP5545","CP5545/P1150233.JPG"
"CP5545","CP5545/P1150234.JPG"
"CP5545","CP5545/P1150235.JPG"
"CP5545","CP5545/P1150236.JPG"
"CP5545","CP5545/P1150237.JPG"
"CP5545","CP5545/P1150238.JPG"
"CP5545","CP5545/P1150239.JPG"
"CP5545","CP5545/P1150240.JPG"
"CP5545","CP5545/P1150241.JPG"
"CP5545","CP5545/P1150242.JPG"
"CP5545","CP5545/P1150243.JPG"
"CP5545","CP5545/P7010344.JPG"
"CP5545","CP5545/P7010345.JPG"
"CP5545","CP5545/P7010346.JPG"
"CP5545","CP5545/P7010347.JPG"
"CP5545","CP5545/P7010348.JPG"
"CP5545","CP5545/P7010349.JPG"
"CP5545","CP5545/P7010350.JPG"
"CP5545","CP5545/P7010351.JPG"
"CP5545","CP5545/P7010352.JPG"
"CP5545","CP5545/P7010353.JPG"
"CP5545","CP5545/P7010354.JPG"
"CP5546","CP5546/100_0677.JPG"
"CP5546","CP5546/CP5546/P6243067.JPG"
"CP5546","CP5546/CP5546/P6243068.JPG"
"CP5546","CP5546/CP5546/P6243069.JPG"
"CP5546","CP5546/IMG_4864.JPG"
"CP5546","CP5546/IMG_4865.JPG"
"CP5546","CP5546/P1150244.JPG"
"CP5546","CP5546/P1150245.JPG"
"CP5546","CP5546/P1150246.JPG"
"CP5546","CP5546/P1150247.JPG"
"CP5546","CP5546/P1150248.JPG"
"CP5546","CP5546/P1150249.JPG"
"CP5546","CP5546/P1150250.JPG"
"CP5546","CP5546/P1150251.JPG"
"CP5546","CP5546/P1150252.JPG"
"CP5546","CP5546/P1150253.JPG"
"CP5546","CP5546/P1150254.JPG"
"CP5546","CP5546/P1150255.JPG"
"CP5546","CP5546/P1150256.JPG"
"CP5546","CP5546/P1150257.JPG"
"CP5546","CP5546/P1150258.JPG"
"CP5546","CP5546/P1150259.JPG"
"CP5546","CP5546/P1150260.JPG"
"CP5546","CP5546/P1150261.JPG"
"CP5546","CP5546/P6243070.JPG"
"CP5546","CP5546/P6243071.JPG"
"CP5546","CP5546/P6243072.JPG"
"CP5546","CP5546/P6243073.JPG"
"CP5546","CP5546/P6243074.JPG"
"CP5546","CP5546/P6243075.JPG"
"CP5546","CP5546/P6243076.JPG"
"CP5546","CP5546/P6243077.JPG"
"CP5546","CP5546/P6243078.JPG"
"CP5546","CP5546/P6243079.JPG"
"CP5546","CP5546/P6243080.JPG"
"CP5546","CP5546/P6243081.JPG"
"CP5546","CP5546/P6243082.JPG"
"CP5547","CP5547/100_0678.JPG"
"CP5547","CP5547/P1150262.JPG"
"CP5547","CP5547/P1150263.JPG"
"CP5547","CP5547/P1150264.JPG"
"CP5547","CP5547/P1150265.JPG"
"CP5547","CP5547/P1150266.JPG"
"CP5547","CP5547/P1150267.JPG"
"CP5547","CP5547/P1150268.JPG"
"CP5547","CP5547/P1150269.JPG"
"CP5547","CP5547/P1150270.JPG"
"CP5547","CP5547/P1150271.JPG"
"CP5547","CP5547/P1150272.JPG"
"CP5547","CP5547/P1150273.JPG"
"CP5547","CP5547/P1150274.JPG"
"CP5547","CP5547/P1150275.JPG"
"CP5547","CP5547/P1150276.JPG"
"CP5547","CP5547/P1150277.JPG"
"CP5547","CP5547/P1150278.JPG"
"CP5547","CP5547/P1150279.JPG"
"CP5547","CP5547/P1150280.JPG"
"CP5547","CP5547/P1150281.JPG"
"CP5547","CP5547/P1150282.JPG"
"CP5547","CP5547/P1150283.JPG"
"CP5547","CP5547/P1150284.JPG"
"CP5547","CP5547/P1150285.JPG"
"CP5547","CP5547/P1150286.JPG"
"CP5547","CP5547/P1150287.JPG"
"CP5547","CP5547/P1150288.JPG"
"CP5547","CP5547/P1150289.JPG"
"CP5547","CP5547/P1150290.JPG"
"CP5547","CP5547/P1150291.JPG"
"CP5547","CP5547/P1150292.JPG"
"CP5547","CP5547/P1150293.JPG"
"CP5547","CP5547/P1150294.JPG"
"CP5547","CP5547/P1150295.JPG"
"CP5547","CP5547/P1150296.JPG"
"CP5547","CP5547/P1150297.JPG"
"CP5547","CP5547/P1150298.JPG"
"CP5547","CP5547/P1150299.JPG"
"CP5547","CP5547/P1150300.JPG"
"CP5547","CP5547/P1150301.JPG"
"CP5547","CP5547/P1150302.JPG"
"CP5547","CP5547/P1150303.JPG"
"CP5547","CP5547/P1150304.JPG"
"CP5547","CP5547/P1150305.JPG"
"CP5549","CP5549/100_0680.JPG"
"CP5549","CP5549/P1150312.JPG"
"CP5549","CP5549/P1150313.JPG"
"CP5549","CP5549/P1150314.JPG"
"CP5549","CP5549/P1150315.JPG"
"CP5549","CP5549/P1150316.JPG"
"CP5549","CP5549/P1150317.JPG"
"CP5549","CP5549/P1150318.JPG"
"CP5549","CP5549/P1150319.JPG"
"CP5549","CP5549/P1150320.JPG"
"CP5549","CP5549/P1150321.JPG"
"CP5549","CP5549/P1150322.JPG"
"CP5549","CP5549/P1150323.JPG"
"CP5549","CP5549/P1150324.JPG"
"CP5549","CP5549/P1150325.JPG"
"CP5549","CP5549/P1150326.JPG"
"CP5549","CP5549/P1150327.JPG"
"CP5549","CP5549/P1150328.JPG"
"CP5549","CP5549/P1150329.JPG"
"CP5549","CP5549/P1150330.JPG"
"CP5549","CP5549/P1150331.JPG"
"CP5549","CP5549/P6250146.JPG"
"CP5549","CP5549/P6250147.JPG"
"CP5549","CP5549/P6250148.JPG"
"CP5549","CP5549/P6250149.JPG"
"CP5549","CP5549/P6250150.JPG"
"CP5549","CP5549/P6253088.JPG"
"CP5549","CP5549/P6253089.JPG"
"CP5550","CP5550/100_0681.JPG"
"CP5550","CP5550/P1150332.JPG"
"CP5550","CP5550/P1150333.JPG"
"CP5550","CP5550/P1150334.JPG"
"CP5550","CP5550/P1150335.JPG"
"CP5550","CP5550/P1150336.JPG"
"CP5550","CP5550/P1150337.JPG"
"CP5550","CP5550/P1150338.JPG"
"CP5550","CP5550/P1150339.JPG"
"CP5550","CP5550/P1150340.JPG"
"CP5550","CP5550/P1150341.JPG"
"CP5550","CP5550/P1150342.JPG"
"CP5550","CP5550/P1150343.JPG"
"CP5550","CP5550/P1150344.JPG"
"CP5550","CP5550/P1150345.JPG"
"CP5550","CP5550/P1150346.JPG"
"CP5550","CP5550/P1150347.JPG"
"CP5550","CP5550/P1150348.JPG"
"CP5550","CP5550/P1150349.JPG"
"CP5550","CP5550/P1150350.JPG"
"CP5550","CP5550/P1150351.JPG"
"CP5550","CP5550/P1150352.JPG"
"CP5550","CP5550/P1150353.JPG"
"CP5550","CP5550/P1150354.JPG"
"CP5550","CP5550/P1150355.JPG"
"CP5550","CP5550/P1150356.JPG"
"CP5550","CP5550/P1150357.JPG"
"CP5550","CP5550/P1150358.JPG"
"CP5550","CP5550/P1150359.JPG"
"CP5550","CP5550/P1150360.JPG"
"CP5550","CP5550/P1150361.JPG"
"CP5550","CP5550/P1150362.JPG"
"CP5550","CP5550/P1150363.JPG"
"CP5550","CP5550/P1150364.JPG"
"CP5550","CP5550/P1150365.JPG"
"CP5550","CP5550/P1150366.JPG"
"CP5550","CP5550/P1150367.JPG"
"CP5550","CP5550/P1150368.JPG"
"CP5551","CP5551/100_0682.JPG"
"CP5551","CP5551/CP5551/P6253107.JPG"
"CP5551","CP5551/CP5551/P6253108.JPG"
"CP5551","CP5551/CP5551/P6253109.JPG"
"CP5551","CP5551/CP5551/P6253110.JPG"
"CP5551","CP5551/CP5551/P6253111.JPG"
"CP5551","CP5551/CP5551/P6253112.JPG"
"CP5551","CP5551/P1150369.JPG"
"CP5551","CP5551/P1150370.JPG"
"CP5551","CP5551/P1150371.JPG"
"CP5551","CP5551/P1150372.JPG"
"CP5551","CP5551/P1150373.JPG"
"CP5551","CP5551/P1150374.JPG"
"CP5551","CP5551/P1150375.JPG"
"CP5551","CP5551/P1150376.JPG"
"CP5551","CP5551/P1150377.JPG"
"CP5551","CP5551/P1150378.JPG"
"CP5551","CP5551/P1150379.JPG"
"CP5551","CP5551/P1150380.JPG"
"CP5551","CP5551/P1150381.JPG"
"CP5551","CP5551/P1150382.JPG"
"CP5551","CP5551/P1150383.JPG"
"CP5551","CP5551/P1150384.JPG"
"CP5551","CP5551/P1150385.JPG"
"CP5551","CP5551/P1150386.JPG"
"CP5551","CP5551/P1150387.JPG"
"CP5551","CP5551/P1150388.JPG"
"CP5551","CP5551/P1150389.JPG"
"CP5551","CP5551/P1150390.JPG"
"CP5551","CP5551/P1150391.JPG"
"CP5551","CP5551/P1150392.JPG"
"CP5551","CP5551/P1150393.JPG"
"CP5551","CP5551/P1150394.JPG"
"CP5551","CP5551/P6250151.JPG"
"CP5551","CP5551/P6250152.JPG"
"CP5551","CP5551/P6250153.JPG"
"CP5551","CP5551/P6250154.JPG"
"CP5551","CP5551/P6250155.JPG"
"CP5551","CP5551/P6250156.JPG"
"CP5551","CP5551/P6250157.JPG"
"CP5551","CP5551/P6250158.JPG"
"CP5551","CP5551/P6250159.JPG"
"CP5551","CP5551/P6250160.JPG"
"CP5552","CP5552/100_0683.JPG"
"CP5552","CP5552/P1150395.JPG"
"CP5552","CP5552/P1150396.JPG"
"CP5552","CP5552/P1150397.JPG"
"CP5552","CP5552/P1150398.JPG"
"CP5552","CP5552/P1150399.JPG"
"CP5552","CP5552/P1150400.JPG"
"CP5552","CP5552/P1150401.JPG"
"CP5552","CP5552/P1150402.JPG"
"CP5552","CP5552/P1150403.JPG"
"CP5552","CP5552/P1150404.JPG"
"CP5552","CP5552/P1150405.JPG"
"CP5552","CP5552/P1150406.JPG"
"CP5552","CP5552/P1150407.JPG"
"CP5552","CP5552/P1150408.JPG"
"CP5552","CP5552/P1150409.JPG"
"CP5552","CP5552/P1150410.JPG"
"CP5552","CP5552/P1150411.JPG"
"CP5552","CP5552/P1150412.JPG"
"CP5552","CP5552/P1150413.JPG"
"CP5552","CP5552/P1150414.JPG"
"CP5552","CP5552/P1150415.JPG"
"CP5552","CP5552/P1150416.JPG"
"CP5552","CP5552/P6250161.JPG"
"CP5553","CP5553/100_0550.JPG"
"CP5553","CP5553/100_0551.JPG"
"CP5553","CP5553/100_0684.JPG"
"CP5553","CP5553/P6260162.JPG"
"CP5553","CP5553/P6260163.JPG"
"CP5557","CP5557/100_0688.JPG"
"CP5557","CP5557/P1150432.JPG"
"CP5557","CP5557/P1150433.JPG"
"CP5557","CP5557/P1150434.JPG"
"CP5557","CP5557/P1150435.JPG"
"CP5557","CP5557/P1150436.JPG"
"CP5557","CP5557/P1150437.JPG"
"CP5557","CP5557/P1150438.JPG"
"CP5557","CP5557/P1150439.JPG"
"CP5557","CP5557/P1150440.JPG"
"CP5557","CP5557/P1150441.JPG"
"CP5557","CP5557/P1150442.JPG"
"CP5557","CP5557/P1150443.JPG"
"CP5557","CP5557/P1150444.JPG"
"CP5557","CP5557/P1150445.JPG"
"CP5557","CP5557/P1150446.JPG"
"CP5557","CP5557/P1150447.JPG"
"CP5559","CP5559/100_0690.JPG"
"CP5559","CP5559/CP5559/P7023166.JPG"
"CP5559","CP5559/CP5559/P7023167.JPG"
"CP5559","CP5559/CP5559/P7023168.JPG"
"CP5559","CP5559/IMG_4863.JPG"
"CP5559","CP5559/IMG_4866.JPG"
"CP5559","CP5559/IMG_4867.JPG"
"CP5559","CP5559/IMG_4899.JPG"
"CP5559","CP5559/P1150455.JPG"
"CP5559","CP5559/P1150456.JPG"
"CP5559","CP5559/P1150457.JPG"
"CP5559","CP5559/P1150458.JPG"
"CP5559","CP5559/P1150459.JPG"
"CP5559","CP5559/P1150460.JPG"
"CP5559","CP5559/P1150461.JPG"
"CP5559","CP5559/P1150462.JPG"
"CP5559","CP5559/P1150463.JPG"
"CP5559","CP5559/P1150464.JPG"
"CP5559","CP5559/P1150465.JPG"
"CP5559","CP5559/P1150466.JPG"
"CP5559","CP5559/P1150467.JPG"
"CP5559","CP5559/P1150468.JPG"
"CP5559","CP5559/P1150469.JPG"
"CP5559","CP5559/P1150470.JPG"
"CP5559","CP5559/P1150471.JPG"
"CP5559","CP5559/P1150472.JPG"
"CP5559","CP5559/P1150473.JPG"
"CP5559","CP5559/P1150474.JPG"
"CP5559","CP5559/P1150475.JPG"
"CP5559","CP5559/P1150476.JPG"
"CP5559","CP5559/P1150477.JPG"
"CP5559","CP5559/P1150478.JPG"
"CP5559","CP5559/P1150479.JPG"
"CP5559","CP5559/P1150504.JPG"
"CP5559","CP5559/P1150505.JPG"
"CP5559","CP5559/P1150506.JPG"
"CP5559","CP5559/P1150507.JPG"
"CP5559","CP5559/P7020355.JPG"
"CP5559","CP5559/P7020356.JPG"
"CP5559","CP5559/P7020357.JPG"
"CP5559","CP5559/P7020358.JPG"
"CP5559","CP5559/P7020359.JPG"
"CP5559","CP5559/P7020360.JPG"
"CP5559","CP5559/P7020361.JPG"
"CP5559","CP5559/P7020362.JPG"
"CP5559","CP5559/P7020363.JPG"
"CP5559","CP5559/P7020364.JPG"
"CP5559","CP5559/P7020365.JPG"
"CP5559","CP5559/P7020366.JPG"
"CP5559","CP5559/P7020367.JPG"
"CP5559","CP5559/P7020368.JPG"
"CP5559","CP5559/P7020369.JPG"
"CP5559","CP5559/P7020370.JPG"
"CP5559","CP5559/P7020371.JPG"
"CP5559","CP5559/P7040464.JPG"
"CP5559","CP5559/P7040465.JPG"
"CP5559","CP5559/P7040466.JPG"
"CP5559","CP5559/P7040467.JPG"
"CP5559","CP5559/P7040468.JPG"
"CP5559","CP5559/P7040469.JPG"
"CP5559","CP5559/P7040470.JPG"
"CP5559","CP5559/P7040471.JPG"
"CP5559","CP5559/P7040472.JPG"
"CP5559","CP5559/P7040473.JPG"
"CP5559","CP5559/P7040474.JPG"
"CP5559","CP5559/P7040475.JPG"
"CP5559","CP5559/P7040476.JPG"
"CP5559","CP5559/P7040477.JPG"
"CP5559","CP5559/P7040478.JPG"
"CP5559","CP5559/P7040479.JPG"
"CP5559","CP5559/P7040480.JPG"
"CP5559","CP5559/P7040481.JPG"
"CP5559","CP5559/P7040482.JPG"
"CP5559","CP5559/P7040483.JPG"
"CP5561","CP5561/100_0692.JPG"
"CP5561","CP5561/100_0693.JPG"
"CP5561","CP5561/IMG_4842.JPG"
"CP5561","CP5561/IMG_4847.JPG"
"CP5561","CP5561/P1150486.JPG"
"CP5561","CP5561/P1150487.JPG"
"CP5561","CP5561/P1150488.JPG"
"CP5561","CP5561/P1150489.JPG"
"CP5561","CP5561/P1150490.JPG"
"CP5561","CP5561/P1150491.JPG"
"CP5561","CP5561/P1150492.JPG"
"CP5561","CP5561/P1150493.JPG"
"CP5561","CP5561/P1150494.JPG"
"CP5561","CP5561/P1150495.JPG"
"CP5561","CP5561/P1150496.JPG"
"CP5561","CP5561/P1150497.JPG"
"CP5561","CP5561/P1150498.JPG"
"CP5561","CP5561/P7020372.JPG"
"CP5561","CP5561/P7020373.JPG"
"CP5561","CP5561/P7020374.JPG"
"CP5561","CP5561/P7020375.JPG"
"CP5561","CP5561/P7020376.JPG"
"CP5561","CP5561/P7020377.JPG"
"CP5561","CP5561/P7020378.JPG"
"CP5561","CP5561/P7020379.JPG"
"CP5561","CP5561/P7020380.JPG"
"CP5561","CP5561/P7020381.JPG"
"CP5561","CP5561/P7020382.JPG"
"CP5561","CP5561/P7020383.JPG"
"CP5561","CP5561/P7020384.JPG"
"CP5561","CP5561/P7020385.JPG"
"CP5561","CP5561/P7020386.JPG"
"CP5561","CP5561/P7030387.JPG"
"CP5561","CP5561/P7030388.JPG"
"CP5561","CP5561/P7030389.JPG"
"CP5561","CP5561/P7030390.JPG"
"CP5561","CP5561/P7030391.JPG"
"CP5561","CP5561/P7030392.JPG"
"CP5561","CP5561/P7030393.JPG"
"CP5561","CP5561/P7030394.JPG"
"CP5561","CP5561/P7030395.JPG"
"CP5563","CP5563/100_0695.JPG"
"CP5563","CP5563/IMG_4851.JPG"
"CP5563","CP5563/IMG_4868.JPG"
"CP5563","CP5563/P1150508.JPG"
"CP5563","CP5563/P1150509.JPG"
"CP5563","CP5563/P1150510.JPG"
"CP5563","CP5563/P1150511.JPG"
"CP5563","CP5563/P1150512.JPG"
"CP5563","CP5563/P1150513.JPG"
"CP5563","CP5563/P1150514.JPG"
"CP5563","CP5563/P1150515.JPG"
"CP5563","CP5563/P1150516.JPG"
"CP5563","CP5563/P1150517.JPG"
"CP5563","CP5563/P1150518.JPG"
"CP5563","CP5563/P1150519.JPG"
"CP5563","CP5563/P1160094.JPG"
"CP5563","CP5563/P1160109.JPG"
"CP5563","CP5563/P1160113.JPG"
"CP5563","CP5563/P7030396.JPG"
"CP5563","CP5563/P7030397.JPG"
"CP5563","CP5563/P7030398.JPG"
"CP5563","CP5563/P7030399.JPG"
"CP5563","CP5563/P7030400.JPG"
"CP5563","CP5563/P7030401.JPG"
"CP5563","CP5563/P7030402.JPG"
"CP5563","CP5563/P7030403.JPG"
"CP5563","CP5563/P7030404.JPG"
"CP5563","CP5563/P7030405.JPG"
"CP5563","CP5563/P7030406.JPG"
"CP5563","CP5563/P7040484.JPG"
"CP5563","CP5563/P7040485.JPG"
"CP5563","CP5563/P7040486.JPG"
"CP5563","CP5563/P7040487.JPG"
"CP5563","CP5563/P7040488.JPG"
"CP5563","CP5563/P7040489.JPG"
"CP5563","CP5563/P7040490.JPG"
"CP5563","CP5563/P7040491.JPG"
"CP5564","CP5564/100_0696.JPG"
"CP5564","CP5564/100_0697.JPG"
"CP5564","CP5564/P1150520.JPG"
"CP5564","CP5564/P1150521.JPG"
"CP5564","CP5564/P1150522.JPG"
"CP5564","CP5564/P1150523.JPG"
"CP5564","CP5564/P1150524.JPG"
"CP5564","CP5564/P1150525.JPG"
"CP5564","CP5564/P1150526.JPG"
"CP5564","CP5564/P1150527.JPG"
"CP5564","CP5564/P1150528.JPG"
"CP5564","CP5564/P1150529.JPG"
"CP5564","CP5564/P1150530.JPG"
"CP5564","CP5564/P1150531.JPG"
"CP5564","CP5564/P1150532.JPG"
"CP5564","CP5564/P1150533.JPG"
"CP5564","CP5564/P1150534.JPG"
"CP5564","CP5564/P1150535.JPG"
"CP5564","CP5564/P1150536.JPG"
"CP5564","CP5564/P1150537.JPG"
"CP5564","CP5564/P1150538.JPG"
"CP5564","CP5564/P7030407.JPG"
"CP5564","CP5564/P7030408.JPG"
"CP5564","CP5564/P7030409.JPG"
"CP5564","CP5564/P7030410.JPG"
"CP5564","CP5564/P7030411.JPG"
"CP5564","CP5564/P7030412.JPG"
"CP5564","CP5564/P7030413.JPG"
"CP5564","CP5564/P7030414.JPG"
"CP5564","CP5564/P7030415.JPG"
"CP5564","CP5564/P7030416.JPG"
"CP5564","CP5564/P7030417.JPG"
"CP5564","CP5564/P7030418.JPG"
"CP5564","CP5564/P7030419.JPG"
"CP5564","CP5564/P7030420.JPG"
"CP5564","CP5564/P7030421.JPG"
"CP5564","CP5564/P7030422.JPG"
"CP5564","CP5564/P7030423.JPG"
"CP5564","CP5564/P7040448.JPG"
"CP5564","CP5564/P7040449.JPG"
"CP5564","CP5564/P7040450.JPG"
"CP5564","CP5564/P7040451.JPG"
"CP5564","CP5564/P7040452.JPG"
"CP5564","CP5564/P7040453.JPG"
"CP5564","CP5564/P7040454.JPG"
"CP5564","CP5564/P7040455.JPG"
"CP5564","CP5564/P7040456.JPG"
"CP5564","CP5564/P7040457.JPG"
"CP5564","CP5564/P7040458.JPG"
"CP5564","CP5564/P7040459.JPG"
"CP5564","CP5564/P7040460.JPG"
"CP5564","CP5564/P7040461.JPG"
"CP5564","CP5564/P7040462.JPG"
"CP5564","CP5564/P7040463.JPG"
"CP5565","CP5565/100_0698.JPG"
"CP5565","CP5565/P1150539.JPG"
"CP5565","CP5565/P1150540.JPG"
"CP5565","CP5565/P1150541.JPG"
"CP5565","CP5565/P1150542.JPG"
"CP5565","CP5565/P1150543.JPG"
"CP5565","CP5565/P1150544.JPG"
"CP5565","CP5565/P1150545.JPG"
"CP5565","CP5565/P1150546.JPG"
"CP5565","CP5565/P1150547.JPG"
"CP5565","CP5565/P1150548.JPG"
"CP5565","CP5565/P1150549.JPG"
"CP5565","CP5565/P1150550.JPG"
"CP5565","CP5565/P1150551.JPG"
"CP5565","CP5565/P1150552.JPG"
"CP5565","CP5565/P7030424.JPG"
"CP5565","CP5565/P7030425.JPG"
"CP5565","CP5565/P7030426.JPG"
"CP5565","CP5565/P7030427.JPG"
"CP5565","CP5565/P7030428.JPG"
"CP5565","CP5565/P7030429.JPG"
"CP5565","CP5565/P7030430.JPG"
"CP5565","CP5565/P7030431.JPG"
"CP5565","CP5565/P7030432.JPG"
"CP5565","CP5565/P7030433.JPG"
"CP5565","CP5565/P7030434.JPG"
"CP5565","CP5565/P7030435.JPG"
"CP5565","CP5565/P7030436.JPG"
"CP5565","CP5565/P7030437.JPG"
"CP5565","CP5565/P7030438.JPG"
"CP5565","CP5565/P7030439.JPG"
"CP5565","CP5565/P7030440.JPG"
"CP5565","CP5565/P7030441.JPG"
"CP5565","CP5565/P7030442.JPG"
"CP5565","CP5565/P7030443.JPG"
"CP5565","CP5565/P7030444.JPG"
"CP5565","CP5565/P7030445.JPG"
"CP5565","CP5565/P7030446.JPG"
"CP5565","CP5565/P7030447.JPG"
"CP5567","CP5567/100_0700.JPG"
"CP5567","CP5567/100_0701.JPG"
"CP5567","CP5567/IMG_4920.JPG"
"CP5567","CP5567/IMG_4921.JPG"
"CP5567","CP5567/IMG_4922.JPG"
"CP5567","CP5567/IMG_4923.JPG"
"CP5567","CP5567/IMG_4924.JPG"
"CP5567","CP5567/P1150567.JPG"
"CP5567","CP5567/P1150568.JPG"
"CP5567","CP5567/P1150569.JPG"
"CP5567","CP5567/P1150570.JPG"
"CP5567","CP5567/P1150571.JPG"
"CP5567","CP5567/P1150572.JPG"
"CP5567","CP5567/P1150573.JPG"
"CP5567","CP5567/P1150574.JPG"
"CP5567","CP5567/P1150575.JPG"
"CP5567","CP5567/P1150576.JPG"
"CP5567","CP5567/P1150577.JPG"
"CP5567","CP5567/P1150578.JPG"
"CP5567","CP5567/P1150579.JPG"
"CP5567","CP5567/P1150580.JPG"
"CP5567","CP5567/P1150581.JPG"
"CP5567","CP5567/P1150582.JPG"
"CP5567","CP5567/P1150583.JPG"
"CP5567","CP5567/P1150584.JPG"
"CP5567","CP5567/P1150585.JPG"
"CP5567","CP5567/P1150586.JPG"
"CP5567","CP5567/P1150587.JPG"
"CP5567","CP5567/P1150588.JPG"
"CP5567","CP5567/P1150589.JPG"
"CP5567","CP5567/P1150590.JPG"
"CP5567","CP5567/P7040499.JPG"
"CP5567","CP5567/P7040500.JPG"
"CP5567","CP5567/P7040501.JPG"
"CP5567","CP5567/P7040502.JPG"
"CP5567","CP5567/P7040503.JPG"
"CP5567","CP5567/P7040504.JPG"
"CP5567","CP5567/P7040505.JPG"
"CP5567","CP5567/P7040506.JPG"
"CP5567","CP5567/P7040507.JPG"
"CP5567","CP5567/P7040508.JPG"
"CP5567","CP5567/P7040509.JPG"
"CP5567","CP5567/P7040510.JPG"
"CP5567","CP5567/P7040511.JPG"
"CP5567","CP5567/P7040512.JPG"
"CP5567","CP5567/P7040513.JPG"
"CP5567","CP5567/P7040514.JPG"
"CP5567","CP5567/P7040515.JPG"
"CP5567","CP5567/P7040516.JPG"
"CP5567","CP5567/P7040517.JPG"
"CP5567","CP5567/P7040518.JPG"
"CP5567","CP5567/P7040523.JPG"
"CP5567","CP5567/P7040524.JPG"
"CP5569","CP5569/100_0703.JPG"
"CP5569","CP5569/P1150593.JPG"
"CP5569","CP5569/P1150594.JPG"
"CP5569","CP5569/P1150595.JPG"
"CP5569","CP5569/P1150596.JPG"
"CP5569","CP5569/P1150597.JPG"
"CP5569","CP5569/P1150598.JPG"
"CP5569","CP5569/P1150599.JPG"
"CP5569","CP5569/P1150600.JPG"
"CP5569","CP5569/P1150601.JPG"
"CP5569","CP5569/P1150602.JPG"
"CP5569","CP5569/P1150603.JPG"
"CP5569","CP5569/P1150604.JPG"
"CP5569","CP5569/P1150605.JPG"
"CP5569","CP5569/P1150606.JPG"
"CP5569","CP5569/P1150607.JPG"
"CP5569","CP5569/P1150608.JPG"
"CP5569","CP5569/P1150609.JPG"
"CP5569","CP5569/P1150610.JPG"
"CP5569","CP5569/P1150611.JPG"
"CP5569","CP5569/P1150612.JPG"
"CP5569","CP5569/P1150713.JPG"
"CP5569","CP5569/P1150714.JPG"
"CP5569","CP5569/P1150715.JPG"
"CP5569","CP5569/P1150716.JPG"
"CP5569","CP5569/P1150717.JPG"
"CP5569","CP5569/P1150718.JPG"
"CP5569","CP5569/P1150719.JPG"
"CP5569","CP5569/P1150720.JPG"
"CP5569","CP5569/P1150721.JPG"
"CP5569","CP5569/P1150722.JPG"
"CP5569","CP5569/P1150723.JPG"
"CP5569","CP5569/P1150724.JPG"
"CP5569","CP5569/P1150725.JPG"
"CP5569","CP5569/P1150726.JPG"
"CP5569","CP5569/P1150727.JPG"
"CP5569","CP5569/P1150728.JPG"
"CP5569","CP5569/P1150729.JPG"
"CP5569","CP5569/P1160099.JPG"
"CP5569","CP5569/P7050525.JPG"
"CP5569","CP5569/P7050526.JPG"
"CP5569","CP5569/P7050527.JPG"
"CP5569","CP5569/P7050528.JPG"
"CP5569","CP5569/P7050529.JPG"
"CP5569","CP5569/P7050530.JPG"
"CP5569","CP5569/P7050531.JPG"
"CP5569","CP5569/P7050532.JPG"
"CP5569","CP5569/P7050533.JPG"
"CP5569","CP5569/P7050534.JPG"
"CP5569","CP5569/P7050535.JPG"
"CP5569","CP5569/P7050536.JPG"
"CP5569","CP5569/P7050537.JPG"
"CP5569","CP5569/P7050538.JPG"
"CP5569","CP5569/P7050539.JPG"
"CP5569","CP5569/P7050540.JPG"
"CP5569","CP5569/P7050541.JPG"
"CP5569","CP5569/P7050542.JPG"
"CP5569","CP5569/P7050543.JPG"
"CP5569","CP5569/P7050544.JPG"
"CP5569","CP5569/P7050545.JPG"
"CP5569","CP5569/P7050546.JPG"
"CP5569","CP5569/P7050547.JPG"
"CP5569","CP5569/P7050548.JPG"
"CP5569","CP5569/P7050549.JPG"
"CP5569","CP5569/P7050550.JPG"
"CP5569","CP5569/P7050551.JPG"
"CP5569","CP5569/P7050552.JPG"
"CP5569","CP5569/P7050553.JPG"
"CP5569","CP5569/P7050554.JPG"
"CP5569","CP5569/P7050555.JPG"
"CP5569","CP5569/P7050556.JPG"
"CP5569","CP5569/P7050557.JPG"
"CP5570","CP5570/100_0704.JPG"
"CP5570","CP5570/IMG_4849.JPG"
"CP5570","CP5570/IMG_4850.JPG"
"CP5570","CP5570/IMG_4854.JPG"
"CP5570","CP5570/IMG_4855.JPG"
"CP5570","CP5570/IMG_4900.JPG"
"CP5570","CP5570/IMG_4914.JPG"
"CP5570","CP5570/IMG_4915.JPG"
"CP5570","CP5570/P1150613.JPG"
"CP5570","CP5570/P1150614.JPG"
"CP5570","CP5570/P1150615.JPG"
"CP5570","CP5570/P1150616.JPG"
"CP5570","CP5570/P1150617.JPG"
"CP5570","CP5570/P1150618.JPG"
"CP5570","CP5570/P1150619.JPG"
"CP5570","CP5570/P1150620.JPG"
"CP5570","CP5570/P1150621.JPG"
"CP5570","CP5570/P1150622.JPG"
"CP5570","CP5570/P1150623.JPG"
"CP5570","CP5570/P1150624.JPG"
"CP5570","CP5570/P1150625.JPG"
"CP5570","CP5570/P1150626.JPG"
"CP5570","CP5570/P1160096.JPG"
"CP5570","CP5570/P1160097.JPG"
"CP5570","CP5570/P1160098.JPG"
"CP5570","CP5570/P7050558.JPG"
"CP5570","CP5570/P7050559.JPG"
"CP5570","CP5570/P7050560.JPG"
"CP5570","CP5570/P7050561.JPG"
"CP5570","CP5570/P7050562.JPG"
"CP5570","CP5570/P7050563.JPG"
"CP5570","CP5570/P7050564.JPG"
"CP5570","CP5570/P7050565.JPG"
"CP5570","CP5570/P7050566.JPG"
"CP5570","CP5570/P7050567.JPG"
"CP5570","CP5570/P7050568.JPG"
"CP5570","CP5570/P7050569.JPG"
"CP5570","CP5570/P7050570.JPG"
"CP5570","CP5570/P7050571.JPG"
"CP5570","CP5570/P7060605.JPG"
"CP5570","CP5570/P7060606.JPG"
"CP5570","CP5570/P7060607.JPG"
"CP5570","CP5570/P7060608.JPG"
"CP5570","CP5570/P7060609.JPG"
"CP5570","CP5570/P7060610.JPG"
"CP5570","CP5570/P7060611.JPG"
"CP5570","CP5570/P7060612.JPG"
"CP5570","CP5570/P7060613.JPG"
"CP5570","CP5570/P7060614.JPG"
"CP5570","CP5570/P7060615.JPG"
"CP5570","CP5570/P7060616.JPG"
"CP5570","CP5570/P7060617.JPG"
"CP5570","CP5570/P7060618.JPG"
"CP5570","CP5570/P7060619.JPG"
"CP5570","CP5570/P7060620.JPG"
"CP5570","CP5570/P7060621.JPG"
"CP5570","CP5570/P7060622.JPG"
"CP5571","CP5571/100_0705.JPG"
"CP5571","CP5571/P1150627.JPG"
"CP5571","CP5571/P1150628.JPG"
"CP5571","CP5571/P1150629.JPG"
"CP5571","CP5571/P1150630.JPG"
"CP5571","CP5571/P1150631.JPG"
"CP5571","CP5571/P1150632.JPG"
"CP5571","CP5571/P1150633.JPG"
"CP5571","CP5571/P1150634.JPG"
"CP5571","CP5571/P1150635.JPG"
"CP5571","CP5571/P1150636.JPG"
"CP5571","CP5571/P1150637.JPG"
"CP5571","CP5571/P1150638.JPG"
"CP5571","CP5571/P1150639.JPG"
"CP5571","CP5571/P1150640.JPG"
"CP5571","CP5571/P1150641.JPG"
"CP5571","CP5571/P1150642.JPG"
"CP5571","CP5571/P1150643.JPG"
"CP5571","CP5571/P1150644.JPG"
"CP5571","CP5571/P1150645.JPG"
"CP5571","CP5571/P1150646.JPG"
"CP5571","CP5571/P1150647.JPG"
"CP5571","CP5571/P1150648.JPG"
"CP5571","CP5571/P7050572.JPG"
"CP5571","CP5571/P7050573.JPG"
"CP5571","CP5571/P7050574.JPG"
"CP5571","CP5571/P7050575.JPG"
"CP5571","CP5571/P7050576.JPG"
"CP5571","CP5571/P7050577.JPG"
"CP5571","CP5571/P7050578.JPG"
"CP5571","CP5571/P7050579.JPG"
"CP5571","CP5571/P7050580.JPG"
"CP5572","CP5572/100_0706.JPG"
"CP5572","CP5572/CP5572/P7053242.JPG"
"CP5572","CP5572/CP5572/P7053243.JPG"
"CP5572","CP5572/CP5572/P7053244.JPG"
"CP5572","CP5572/CP5572/P7053245.JPG"
"CP5572","CP5572/CP5572/P7053246.JPG"
"CP5572","CP5572/P1150649.JPG"
"CP5572","CP5572/P1150650.JPG"
"CP5572","CP5572/P1150651.JPG"
"CP5572","CP5572/P1150652.JPG"
"CP5572","CP5572/P1150653.JPG"
"CP5572","CP5572/P1150654.JPG"
"CP5572","CP5572/P1150655.JPG"
"CP5572","CP5572/P1150656.JPG"
"CP5572","CP5572/P1150657.JPG"
"CP5572","CP5572/P1150658.JPG"
"CP5572","CP5572/P1150659.JPG"
"CP5572","CP5572/P1150660.JPG"
"CP5572","CP5572/P1150661.JPG"
"CP5572","CP5572/P1150662.JPG"
"CP5572","CP5572/P1150663.JPG"
"CP5572","CP5572/P1150664.JPG"
"CP5572","CP5572/P1150665.JPG"
"CP5572","CP5572/P1150666.JPG"
"CP5572","CP5572/P1150667.JPG"
"CP5572","CP5572/P1150668.JPG"
"CP5572","CP5572/P1150669.JPG"
"CP5572","CP5572/P1150670.JPG"
"CP5572","CP5572/P1150671.JPG"
"CP5572","CP5572/P1150672.JPG"
"CP5572","CP5572/P1150673.JPG"
"CP5572","CP5572/P1150674.JPG"
"CP5572","CP5572/P1160106.JPG"
"CP5572","CP5572/P7050581.JPG"
"CP5572","CP5572/P7050582.JPG"
"CP5572","CP5572/P7050583.JPG"
"CP5572","CP5572/P7050584.JPG"
"CP5572","CP5572/P7050585.JPG"
"CP5572","CP5572/P7050586.JPG"
"CP5572","CP5572/P7050587.JPG"
"CP5572","CP5572/P7050588.JPG"
"CP5572","CP5572/P7050589.JPG"
"CP5572","CP5572/P7050590.JPG"
"CP5572","CP5572/P7050591.JPG"
"CP5572","CP5572/P7050592.JPG"
"CP5572","CP5572/P7050593.JPG"
"CP5572","CP5572/P7050594.JPG"
"CP5572","CP5572/P7050595.JPG"
"CP5572","CP5572/P7050596.JPG"
"CP5572","CP5572/P7050597.JPG"
"CP5572","CP5572/P7050598.JPG"
"CP5572","CP5572/P7050599.JPG"
"CP5572","CP5572/P7050600.JPG"
"CP5572","CP5572/P7050601.JPG"
"CP5572","CP5572/P7050602.JPG"
"CP5572","CP5572/P7050603.JPG"
"CP5572","CP5572/P7060623.JPG"
"CP5572","CP5572/P7060624.JPG"
"CP5572","CP5572/P7060625.JPG"
"CP5572","CP5572/P7060626.JPG"
"CP5572","CP5572/P7060627.JPG"
"CP5572","CP5572/P7060628.JPG"
"CP5572","CP5572/P7060629.JPG"
"CP5572","CP5572/P7060630.JPG"
"CP5572","CP5572/P7060631.JPG"
"CP5572","CP5572/P7060632.JPG"
"CP5572","CP5572/P7060633.JPG"
"CP5572","CP5572/P7060634.JPG"
"CP5572","CP5572/P7060635.JPG"
"CP5572","CP5572/P7060636.JPG"
"CP5572","CP5572/P7060637.JPG"
"CP5572","CP5572/P7060638.JPG"
"CP5572","CP5572/P7060639.JPG"
"CP5572","CP5572/P7060640.JPG"
"CP5572","CP5572/P7060641.JPG"
"CP5572","CP5572/P7060642.JPG"
"CP5572","CP5572/P7060643.JPG"
"CP5572","CP5572/P7060644.JPG"
"CP5573","CP5573/100_0707.JPG"
"CP5573","CP5573/P1150675.JPG"
"CP5573","CP5573/P1150676.JPG"
"CP5573","CP5573/P1150677.JPG"
"CP5573","CP5573/P1150678.JPG"
"CP5573","CP5573/P1150679.JPG"
"CP5573","CP5573/P1150680.JPG"
"CP5573","CP5573/P1150681.JPG"
"CP5573","CP5573/P1150682.JPG"
"CP5573","CP5573/P1150683.JPG"
"CP5573","CP5573/P1150684.JPG"
"CP5573","CP5573/P1150685.JPG"
"CP5573","CP5573/P1150686.JPG"
"CP5573","CP5573/P1150687.JPG"
"CP5573","CP5573/P1150688.JPG"
"CP5573","CP5573/P1150689.JPG"
"CP5573","CP5573/P1150690.JPG"
"CP5573","CP5573/P1150691.JPG"
"CP5573","CP5573/P1150692.JPG"
"CP5573","CP5573/P1150693.JPG"
"CP5573","CP5573/P1150694.JPG"
"CP5573","CP5573/P1150695.JPG"
"CP5573","CP5573/P1150696.JPG"
"CP5573","CP5573/P1150697.JPG"
"CP5573","CP5573/P1150698.JPG"
"CP5573","CP5573/P1150699.JPG"
"CP5573","CP5573/P1150700.JPG"
"CP5573","CP5573/P1150701.JPG"
"CP5573","CP5573/P1150702.JPG"
"CP5573","CP5573/P1150703.JPG"
"CP5573","CP5573/P1150704.JPG"
"CP5573","CP5573/P1150705.JPG"
"CP5573","CP5573/P1150706.JPG"
"CP5573","CP5573/P1150707.JPG"
"CP5573","CP5573/P1150708.JPG"
"CP5573","CP5573/P1150709.JPG"
"CP5573","CP5573/P1150710.JPG"
"CP5573","CP5573/P1150711.JPG"
"CP5573","CP5573/P1150712.JPG"
"CP5573","CP5573/P7060645.JPG"
"CP5573","CP5573/P7060646.JPG"
"CP5573","CP5573/P7060647.JPG"
"CP5573","CP5573/P7060648.JPG"
"CP5573","CP5573/P7060649.JPG"
"CP5573","CP5573/P7060650.JPG"
"CP5573","CP5573/P7060651.JPG"
"CP5573","CP5573/P7060652.JPG"
"CP5573","CP5573/P7060653.JPG"
"CP5573","CP5573/P7060654.JPG"
"CP5573","CP5573/P7060655.JPG"
"CP5573","CP5573/P7060656.JPG"
"CP5573","CP5573/P7060657.JPG"
"CP5573","CP5573/P7060658.JPG"
"CP5573","CP5573/P7060659.JPG"
"CP5573","CP5573/P7060660.JPG"
"CP5573","CP5573/P7060661.JPG"
"CP5573","CP5573/P7060662.JPG"
"CP5573","CP5573/P7060663.JPG"
"CP5573","CP5573/P7060664.JPG"
"CP5573","CP5573/P7060665.JPG"
"CP5573","CP5573/P7060666.JPG"
"CP5575","CP5575/100_0709.JPG"
"CP5575","CP5575/P1150738.JPG"
"CP5575","CP5575/P1150739.JPG"
"CP5575","CP5575/P1150740.JPG"
"CP5575","CP5575/P1150741.JPG"
"CP5576","CP5576/100_0710.JPG"
"CP5576","CP5576/CP5576/P7073286.JPG"
"CP5576","CP5576/CP5576/P7073287.JPG"
"CP5576","CP5576/CP5576/P7073288.JPG"
"CP5576","CP5576/P1150742.JPG"
"CP5576","CP5576/P1150743.JPG"
"CP5576","CP5576/P1150744.JPG"
"CP5576","CP5576/P1150745.JPG"
"CP5576","CP5576/P1150746.JPG"
"CP5576","CP5576/P1150747.JPG"
"CP5576","CP5576/P1150748.JPG"
"CP5576","CP5576/P1150749.JPG"
"CP5576","CP5576/P1150750.JPG"
"CP5576","CP5576/P1150751.JPG"
"CP5576","CP5576/P1150752.JPG"
"CP5576","CP5576/P1150753.JPG"
"CP5576","CP5576/P1150754.JPG"
"CP5576","CP5576/P1150755.JPG"
"CP5576","CP5576/P1150756.JPG"
"CP5576","CP5576/P1150757.JPG"
"CP5576","CP5576/P1150758.JPG"
"CP5576","CP5576/P1150759.JPG"
"CP5576","CP5576/P1150760.JPG"
"CP5576","CP5576/P1150761.JPG"
"CP5576","CP5576/P1150762.JPG"
"CP5576","CP5576/P1160091.JPG"
"CP5576","CP5576/P1160092.JPG"
"CP5576","CP5576/P1160093.JPG"
"CP5576","CP5576/P7070683.JPG"
"CP5576","CP5576/P7070684.JPG"
"CP5576","CP5576/P7070685.JPG"
"CP5576","CP5576/P7070686.JPG"
"CP5576","CP5576/P7070687.JPG"
"CP5576","CP5576/P7070688.JPG"
"CP5576","CP5576/P7070689.JPG"
"CP5576","CP5576/P7070690.JPG"
"CP5576","CP5576/P7070691.JPG"
"CP5576","CP5576/P7070692.JPG"
"CP5576","CP5576/P7070693.JPG"
"CP5576","CP5576/P7070694.JPG"
"CP5576","CP5576/P7070695.JPG"
"CP5576","CP5576/P7070696.JPG"
"CP5576","CP5576/P7070697.JPG"
"CP5576","CP5576/P7070698.JPG"
"CP5576","CP5576/P7070699.JPG"
"CP5576","CP5576/P7070700.JPG"
"CP5576","CP5576/P7070701.JPG"
"CP5576","CP5576/P7070702.JPG"
"CP5576","CP5576/P7070703.JPG"
"CP5576","CP5576/P7070704.JPG"
"CP5576","CP5576/P7070705.JPG"
"CP5576","CP5576/P7070706.JPG"
"CP5576","CP5576/P7070707.JPG"
"CP5576","CP5576/P7070708.JPG"
"CP5576","CP5576/P7070709.JPG"
"CP5576","CP5576/P7070710.JPG"
"CP5576","CP5576/P7070711.JPG"
"CP5576","CP5576/P7070712.JPG"
"CP5576","CP5576/P7070713.JPG"
"CP5577","CP5577/100_0711.JPG"
"CP5577","CP5577/P1150764.JPG"
"CP5577","CP5577/P1150765.JPG"
"CP5577","CP5577/P1150766.JPG"
"CP5577","CP5577/P1150767.JPG"
"CP5577","CP5577/P1150768.JPG"
"CP5577","CP5577/P1150769.JPG"
"CP5577","CP5577/P1150770.JPG"
"CP5577","CP5577/P1150771.JPG"
"CP5577","CP5577/P1150772.JPG"
"CP5577","CP5577/P1150773.JPG"
"CP5577","CP5577/P1150774.JPG"
"CP5577","CP5577/P1150775.JPG"
"CP5577","CP5577/P1150776.JPG"
"CP5577","CP5577/P1150777.JPG"
"CP5577","CP5577/P1150778.JPG"
"CP5577","CP5577/P1150779.JPG"
"CP5577","CP5577/P1160101.JPG"
"CP5577","CP5577/P1160102.JPG"
"CP5577","CP5577/P1160103.JPG"
"CP5577","CP5577/P1160104.JPG"
"CP5577","CP5577/P1160105.JPG"
"CP5577","CP5577/P1160114.JPG"
"CP5577","CP5577/P1160115.JPG"
"CP5577","CP5577/P7070714.JPG"
"CP5577","CP5577/P7070715.JPG"
"CP5577","CP5577/P7070716.JPG"
"CP5577","CP5577/P7070717.JPG"
"CP5577","CP5577/P7070718.JPG"
"CP5577","CP5577/P7070719.JPG"
"CP5577","CP5577/P7070720.JPG"
"CP5577","CP5577/P7070721.JPG"
"CP5577","CP5577/P7070722.JPG"
"CP5577","CP5577/P7070723.JPG"
"CP5577","CP5577/P7070724.JPG"
"CP5577","CP5577/P7070725.JPG"
"CP5577","CP5577/P7070726.JPG"
"CP5577","CP5577/P7070727.JPG"
"CP5577","CP5577/P7070728.JPG"
"CP5577","CP5577/P7070729.JPG"
"CP5577","CP5577/P7070730.JPG"
"CP5577","CP5577/P7070731.JPG"
"CP5577","CP5577/P7070732.JPG"
"CP5577","CP5577/P7070733.JPG"
"CP5577","CP5577/P7070734.JPG"
"CP5577","CP5577/P7070735.JPG"
"CP5577","CP5577/P7070736.JPG"
"CP5577","CP5577/P7070737.JPG"
"CP5577","CP5577/P7070738.JPG"
"CP5577","CP5577/P7070739.JPG"
"CP5577","CP5577/P7070740.JPG"
"CP5577","CP5577/P7070741.JPG"
"CP5577","CP5577/P7070742.JPG"
"CP5578","CP5578/100_0712.JPG"
"CP5578","CP5578/P1150785.JPG"
"CP5578","CP5578/P1150786.JPG"
"CP5578","CP5578/P1150790.JPG"
"CP5578","CP5578/P1150791.JPG"
"CP5578","CP5578/P1150792.JPG"
"CP5578","CP5578/P1150793.JPG"
"CP5578","CP5578/P1160116.JPG"
"CP5578","CP5578/P1160117.JPG"
"CP5578","CP5578/P7070743.JPG"
"CP5578","CP5578/P7070744.JPG"
"CP5580","CP5580/P1150862.JPG"
"CP5580","CP5580/P1150863.JPG"
"CP5580","CP5580/P1150864.JPG"
"CP5580","CP5580/P1150865.JPG"
"CP5580","CP5580/P1150866.JPG"
"CP5580","CP5580/P1150867.JPG"
"CP5580","CP5580/P1150868.JPG"
"CP5580","CP5580/P1150869.JPG"
"CP5580","CP5580/P1150870.JPG"
"CP5580","CP5580/P1150871.JPG"
"CP5580","CP5580/P1150872.JPG"
"CP5580","CP5580/P1150873.JPG"
"CP5580","CP5580/P1150874.JPG"
"CP5580","CP5580/P1150875.JPG"
"CP5580","CP5580/P1150876.JPG"
"CP5580","CP5580/P1150877.JPG"
"CP5580","CP5580/P1150878.JPG"
"CP5580","CP5580/P1150879.JPG"
"CP5580","CP5580/P1150880.JPG"
"CP5580","CP5580/P1150881.JPG"
"CP5580","CP5580/P1150882.JPG"
"CP5580","CP5580/P1150883.JPG"
"CP5580","CP5580/P1150884.JPG"
"CP5580","CP5580/P1150885.JPG"
"CP5580","CP5580/P1150886.JPG"
"CP5580","CP5580/P1150887.JPG"
"CP5580","CP5580/P1150888.JPG"
"CP5580","CP5580/P1150889.JPG"
"CP5580","CP5580/P1150890.JPG"
"CP5580","CP5580/P1150891.JPG"
"CP5580","CP5580/P1150892.JPG"
"CP5580","CP5580/P1150893.JPG"
"CP5580","CP5580/P1160081.JPG"
"CP5581","CP5581/P1150894.JPG"
"CP5581","CP5581/P1150895.JPG"
"CP5581","CP5581/P1150896.JPG"
"CP5581","CP5581/P1150897.JPG"
"CP5581","CP5581/P1150898.JPG"
"CP5581","CP5581/P1150899.JPG"
"CP5581","CP5581/P1150900.JPG"
"CP5581","CP5581/P1150901.JPG"
"CP5581","CP5581/P1150902.JPG"
"CP5581","CP5581/P1150903.JPG"
"CP5581","CP5581/P1150904.JPG"
"CP5581","CP5581/P1150905.JPG"
"CP5581","CP5581/P1150906.JPG"
"CP5581","CP5581/P1150907.JPG"
"CP5581","CP5581/P1150908.JPG"
"CP5581","CP5581/P1150909.JPG"
"CP5581","CP5581/P1150910.JPG"
"CP5581","CP5581/P1150911.JPG"
"CP5581","CP5581/P1150912.JPG"
"CP5581","CP5581/P1150913.JPG"
"CP5581","CP5581/P1150914.JPG"
"CP5581","CP5581/P1150915.JPG"
"CP5581","CP5581/P1150916.JPG"
"CP5581","CP5581/P1150917.JPG"
"CP5581","CP5581/P1160082.JPG"
"CP5581","CP5581/P1160100.JPG"
"CP5582","CP5582/P1150918.JPG"
"CP5582","CP5582/P1150919.JPG"
"CP5582","CP5582/P1150920.JPG"
"CP5582","CP5582/P1150921.JPG"
"CP5582","CP5582/P1150922.JPG"
"CP5582","CP5582/P1150923.JPG"
"CP5582","CP5582/P1150924.JPG"
"CP5582","CP5582/P1150925.JPG"
"CP5582","CP5582/P1150926.JPG"
"CP5582","CP5582/P1150927.JPG"
"CP5582","CP5582/P1150928.JPG"
"CP5582","CP5582/P1150929.JPG"
"CP5582","CP5582/P1150930.JPG"
"CP5582","CP5582/P1150931.JPG"
"CP5582","CP5582/P1150932.JPG"
"CP5582","CP5582/P1160039.JPG"
"CP5582","CP5582/P1160040.JPG"
"CP5582","CP5582/P1160043.JPG"
"CP5582","CP5582/P1160044.JPG"
"CP5582","CP5582/P1160045.JPG"
"CP5582","CP5582/P1160046.JPG"
"CP5582","CP5582/P1160047.JPG"
"CP5582","CP5582/P1160048.JPG"
"CP5582","CP5582/P1160049.JPG"
"CP5582","CP5582/P1160050.JPG"
"CP5582","CP5582/P1160051.JPG"
"CP5582","CP5582/P1160052.JPG"
"CP5582","CP5582/P1160053.JPG"
"CP5582","CP5582/P1160054.JPG"
"CP5582","CP5582/P1160055.JPG"
"CP5582","CP5582/P1160056.JPG"
"CP5582","CP5582/P1160057.JPG"
"CP5582","CP5582/P1160058.JPG"
"CP5582","CP5582/P1160059.JPG"
"CP5582","CP5582/P1160060.JPG"
"CP5582","CP5582/P1160061.JPG"
"CP5582","CP5582/P1160062.JPG"
"CP5582","CP5582/P1160063.JPG"
"CP5582","CP5582/P1160064.JPG"
"CP5582","CP5582/P1160065.JPG"
"CP5582","CP5582/P1160083.JPG"
"CP5583","CP5583/100_0743.JPG"
"CP5583","CP5583/100_0746.JPG"
"CP5583","CP5583/100_0747.JPG"
"CP5583","CP5583/100_0748.JPG"
"CP5583","CP5583/100_0749.JPG"
"CP5583","CP5583/100_0750.JPG"
"CP5583","CP5583/100_0751.JPG"
"CP5583","CP5583/100_0752.JPG"
"CP5583","CP5583/100_0753.JPG"
"CP5583","CP5583/100_0754.JPG"
"CP5583","CP5583/100_0755.JPG"
"CP5583","CP5583/100_0756.JPG"
"CP5583","CP5583/CP5583/P7103401.JPG"
"CP5583","CP5583/CP5583/P7103403.JPG"
"CP5583","CP5583/CP5583/P7103404.JPG"
"CP5583","CP5583/CP5583/P7103405.JPG"
"CP5583","CP5583/P1150933.JPG"
"CP5583","CP5583/P1150934.JPG"
"CP5583","CP5583/P1150935.JPG"
"CP5583","CP5583/P1150936.JPG"
"CP5583","CP5583/P1150937.JPG"
"CP5583","CP5583/P1150938.JPG"
"CP5583","CP5583/P1160066.JPG"
"CP5583","CP5583/P1160067.JPG"
"CP5583","CP5583/P1160068.JPG"
"CP5583","CP5583/P1160069.JPG"
"CP5583","CP5583/P1160070.JPG"
"CP5583","CP5583/P1160071.JPG"
"CP5583","CP5583/P1160072.JPG"
"CP5583","CP5583/P1160073.JPG"
"CP5583","CP5583/P1160074.JPG"
"CP5583","CP5583/P1160075.JPG"
"CP5583","CP5583/P1160084.JPG"
"CP5585","CP5585/CP5585/P7113412.JPG"
"CP5585","CP5585/CP5585/P7113413.JPG"
"CP5585","CP5585/CP5585/P7113414.JPG"
"CP5585","CP5585/CP5585/P7113415.JPG"
"CP5585","CP5585/CP5585/P7113416.JPG"
"CP5585","CP5585/CP5585/P7113417.JPG"
"CP5585","CP5585/CP5585/P7113418.JPG"
"CP5585","CP5585/CP5585/P7113419.JPG"
"CP5585","CP5585/CP5585/P7113420.JPG"
"CP5585","CP5585/P1150946.JPG"
"CP5585","CP5585/P1150947.JPG"
"CP5585","CP5585/P1150948.JPG"
"CP5585","CP5585/P1150949.JPG"
"CP5585","CP5585/P1150950.JPG"
"CP5585","CP5585/P1150951.JPG"
"CP5585","CP5585/P1150952.JPG"
"CP5585","CP5585/P1150953.JPG"
"CP5585","CP5585/P1150954.JPG"
"CP5585","CP5585/P1150955.JPG"
"CP5585","CP5585/P1150956.JPG"
"CP5585","CP5585/P1150957.JPG"
"CP5585","CP5585/P1150958.JPG"
"CP5585","CP5585/P1150959.JPG"
"CP5585","CP5585/P1150960.JPG"
"CP5585","CP5585/P1150961.JPG"
"CP5585","CP5585/P1150962.JPG"
"CP5585","CP5585/P1150963.JPG"
"CP5585","CP5585/P1150964.JPG"
"CP5585","CP5585/P1150965.JPG"
"CP5585","CP5585/P1150966.JPG"
"CP5585","CP5585/P1150967.JPG"
"CP5585","CP5585/P1150968.JPG"
"CP5585","CP5585/P1150969.JPG"
"CP5585","CP5585/P1160021.JPG"
"CP5585","CP5585/P1160022.JPG"
"CP5585","CP5585/P1160023.JPG"
"CP5585","CP5585/P1160024.JPG"
"CP5585","CP5585/P1160086.JPG"
"CP5585","CP5585/P1160095.JPG"
"CP5586","CP5586/CP5586/P7113421.JPG"
"CP5586","CP5586/CP5586/P7113422.JPG"
"CP5586","CP5586/CP5586/P7113423.JPG"
"CP5586","CP5586/CP5586/P7113424.JPG"
"CP5586","CP5586/CP5586/P7113425.JPG"
"CP5586","CP5586/CP5586/P7113426.JPG"
"CP5586","CP5586/CP5586/P7113427.JPG"
"CP5586","CP5586/CP5586/P7113428.JPG"
"CP5586","CP5586/CP5586/P7113429.JPG"
"CP5586","CP5586/CP5586/P7113430.JPG"
"CP5586","CP5586/CP5586/P7113431.JPG"
"CP5586","CP5586/CP5586/P7113432.JPG"
"CP5586","CP5586/CP5586/P7113433.JPG"
"CP5586","CP5586/CP5586/P7113434.JPG"
"CP5586","CP5586/CP5586/P7113435.JPG"
"CP5586","CP5586/P1150970.JPG"
"CP5586","CP5586/P1150971.JPG"
"CP5586","CP5586/P1150972.JPG"
"CP5586","CP5586/P1150973.JPG"
"CP5586","CP5586/P1150974.JPG"
"CP5586","CP5586/P1150975.JPG"
"CP5586","CP5586/P1150976.JPG"
"CP5586","CP5586/P1150977.JPG"
"CP5586","CP5586/P1150978.JPG"
"CP5586","CP5586/P1150979.JPG"
"CP5586","CP5586/P1150980.JPG"
"CP5586","CP5586/P1150981.JPG"
"CP5586","CP5586/P1150982.JPG"
"CP5586","CP5586/P1150983.JPG"
"CP5586","CP5586/P1150984.JPG"
"CP5586","CP5586/P1150985.JPG"
"CP5586","CP5586/P1150986.JPG"
"CP5586","CP5586/P1150987.JPG"
"CP5586","CP5586/P1150988.JPG"
"CP5586","CP5586/P1150989.JPG"
"CP5586","CP5586/P1150990.JPG"
"CP5586","CP5586/P1150991.JPG"
"CP5586","CP5586/P1150992.JPG"
"CP5586","CP5586/P1150993.JPG"
"CP5586","CP5586/P1160029.JPG"
"CP5586","CP5586/P1160030.JPG"
"CP5586","CP5586/P1160031.JPG"
"CP5586","CP5586/P1160032.JPG"
"CP5586","CP5586/P1160033.JPG"
"CP5586","CP5586/P1160034.JPG"
"CP5586","CP5586/P1160035.JPG"
"CP5586","CP5586/P1160036.JPG"
"CP5586","CP5586/P1160037.JPG"
"CP5586","CP5586/P1160087.JPG"
"CP5586","CP5586/P1160108.JPG"
"CP5586","CP5586/P1160112.JPG"
"CP5587","CP5587/CP5587/P7113436.JPG"
"CP5587","CP5587/CP5587/P7113437.JPG"
"CP5587","CP5587/CP5587/P7113438.JPG"
"CP5587","CP5587/CP5587/P7113439.JPG"
"CP5587","CP5587/CP5587/P7113440.JPG"
"CP5587","CP5587/CP5587/P7113441.JPG"
"CP5587","CP5587/CP5587/P7113442.JPG"
"CP5587","CP5587/CP5587/P7113443.JPG"
"CP5587","CP5587/P1150994.JPG"
"CP5587","CP5587/P1150995.JPG"
"CP5587","CP5587/P1150996.JPG"
"CP5587","CP5587/P1150997.JPG"
"CP5587","CP5587/P1150998.JPG"
"CP5587","CP5587/P1150999.JPG"
"CP5587","CP5587/P1160001.JPG"
"CP5587","CP5587/P1160002.JPG"
"CP5587","CP5587/P1160003.JPG"
"CP5587","CP5587/P1160004.JPG"
"CP5587","CP5587/P1160005.JPG"
"CP5587","CP5587/P1160006.JPG"
"CP5587","CP5587/P1160007.JPG"
"CP5587","CP5587/P1160008.JPG"
"CP5587","CP5587/P1160009.JPG"
"CP5587","CP5587/P1160025.JPG"
"CP5587","CP5587/P1160026.JPG"
"CP5587","CP5587/P1160027.JPG"
"CP5587","CP5587/P1160028.JPG"
"CP5587","CP5587/P1160088.JPG"
"CP5588","CP5588/IMG_4925.JPG"
"CP5588","CP5588/P1160010.JPG"
"CP5588","CP5588/P1160011.JPG"
"CP5588","CP5588/P1160012.JPG"
"CP5588","CP5588/P1160013.JPG"
"CP5588","CP5588/P1160014.JPG"
"CP5588","CP5588/P1160015.JPG"
"CP5588","CP5588/P1160016.JPG"
"CP5588","CP5588/P1160017.JPG"
"CP5588","CP5588/P1160018.JPG"
"CP5588","CP5588/P1160019.JPG"
"CP5588","CP5588/P1160020.JPG"
"CP5588","CP5588/P1160041.JPG"
"CP5588","CP5588/P1160042.JPG"
"CP5588","CP5588/P1160089.JPG"
"DW5521","DW5521/100_0650.JPG"
"DW5521","DW5521/P1140761.JPG"
"DW5521","DW5521/P1140762.JPG"
"DW5521","DW5521/P1140764.JPG"
"DW5521","DW5521/P1140765.JPG"
"DW5521","DW5521/P1140766.JPG"
"DW5521","DW5521/P1140767.JPG"
"DW5521","DW5521/P1140768.JPG"
"DW5521","DW5521/P1140769.JPG"
"DW5521","DW5521/P1140770.JPG"
"DW5522","DW5522/100_0651.JPG"
"DW5522","DW5522/P1140771.JPG"
"DW5522","DW5522/P1140772.JPG"
"DW5522","DW5522/P1140773.JPG"
"DW5522","DW5522/P1140774.JPG"
"DW5522","DW5522/P1140775.JPG"
"DW5522","DW5522/P1140776.JPG"
"DW5522","DW5522/P1140777.JPG"
"DW5524","DW5524/P1140841.JPG"
"DW5524","DW5524/P1140842.JPG"
"DW5524","DW5524/P1140843.JPG"
"DW5524","DW5524/P1140844.JPG"
"DW5524","DW5524/P1140845.JPG"
"DW5524","DW5524/P1140846.JPG"
"DW5524","DW5524/P1140847.JPG"
"DW5524","DW5524/P1140848.JPG"
"DW5529","DW5529/100_0659.JPG"
"DW5529","DW5529/P1140926.JPG"
"DW5529","DW5529/P1140927.JPG"
"DW5535","DW5535/100_0665.JPG"
"DW5535","DW5535/P1150045.JPG"
"DW5535","DW5535/P1150046.JPG"
"DW5535","DW5535/P1150047.JPG"
"DW5543","DW5543/100_0674.JPG"
"DW5543","DW5543/P1150179.JPG"
"DW5543","DW5543/P1150180.JPG"
"DW5548","DW5548/100_0679.JPG"
"DW5548","DW5548/P1150306.JPG"
"DW5548","DW5548/P1150307.JPG"
"DW5548","DW5548/P1150308.JPG"
"DW5548","DW5548/P1150309.JPG"
"DW5548","DW5548/P1150310.JPG"
"DW5548","DW5548/P1150311.JPG"
"DW5554","DW5554/100_0552.JPG"
"DW5554","DW5554/100_0553.JPG"
"DW5554","DW5554/100_0554.JPG"
"DW5554","DW5554/100_0685.JPG"
"DW5555","DW5555/100_0555.JPG"
"DW5555","DW5555/100_0556.JPG"
"DW5555","DW5555/100_0557.JPG"
"DW5555","DW5555/100_0558.JPG"
"DW5555","DW5555/100_0559.JPG"
"DW5555","DW5555/100_0560.JPG"
"DW5555","DW5555/100_0561.JPG"
"DW5555","DW5555/100_0562.JPG"
"DW5555","DW5555/100_0563.JPG"
"DW5555","DW5555/100_0564.JPG"
"DW5555","DW5555/100_0565.JPG"
"DW5555","DW5555/100_0566.JPG"
"DW5555","DW5555/100_0567.JPG"
"DW5555","DW5555/100_0568.JPG"
"DW5555","DW5555/100_0569.JPG"
"DW5555","DW5555/100_0570.JPG"
"DW5555","DW5555/100_0571.JPG"
"DW5555","DW5555/100_0686.JPG"
"DW5555","DW5555/IMG_4918.JPG"
"DW5555","DW5555/IMG_4919.JPG"
"DW5556","DW5556/100_0574.JPG"
"DW5556","DW5556/100_0575.JPG"
"DW5556","DW5556/100_0576.JPG"
"DW5556","DW5556/100_0687.JPG"
"DW5558","DW5558/100_0689.JPG"
"DW5558","DW5558/P1150448.JPG"
"DW5558","DW5558/P1150449.JPG"
"DW5558","DW5558/P1150450.JPG"
"DW5558","DW5558/P1150451.JPG"
"DW5558","DW5558/P1150452.JPG"
"DW5558","DW5558/P1150453.JPG"
"DW5558","DW5558/P1150454.JPG"
"DW5560","DW5560/100_0691.JPG"
"DW5560","DW5560/P1150480.JPG"
"DW5560","DW5560/P1150481.JPG"
"DW5560","DW5560/P1150482.JPG"
"DW5560","DW5560/P1150483.JPG"
"DW5560","DW5560/P1150484.JPG"
"DW5560","DW5560/P1150485.JPG"
"DW5562","DW5562/100_0694.JPG"
"DW5562","DW5562/P1150501.JPG"
"DW5562","DW5562/P1150502.JPG"
"DW5562","DW5562/P1150503.JPG"
"DW5566","DW5566/100_0699.JPG"
"DW5566","DW5566/P1150553.JPG"
"DW5566","DW5566/P1150554.JPG"
"DW5566","DW5566/P1150555.JPG"
"DW5566","DW5566/P1150556.JPG"
"DW5566","DW5566/P1150557.JPG"
"DW5566","DW5566/P1150558.JPG"
"DW5566","DW5566/P1150559.JPG"
"DW5566","DW5566/P1150560.JPG"
"DW5566","DW5566/P1150561.JPG"
"DW5566","DW5566/P1150562.JPG"
"DW5566","DW5566/P1150563.JPG"
"DW5566","DW5566/P1150564.JPG"
"DW5566","DW5566/P1150565.JPG"
"DW5566","DW5566/P1150566.JPG"
"DW5568","DW5568/100_0702.JPG"
"DW5568","DW5568/P1150591.JPG"
"DW5568","DW5568/P1150592.JPG"
"DW5574","DW5574/100_0708.JPG"
"DW5574","DW5574/P1150730.JPG"
"DW5574","DW5574/P1150731.JPG"
"DW5574","DW5574/P1150732.JPG"
"DW5574","DW5574/P1150733.JPG"
"DW5574","DW5574/P1150734.JPG"
"DW5574","DW5574/P1150735.JPG"
"DW5574","DW5574/P1150736.JPG"
"DW5574","DW5574/P1150737.JPG"
"DW5579","DW5579/P1150854.JPG"
"DW5579","DW5579/P1150855.JPG"
"DW5579","DW5579/P1150856.JPG"
"DW5579","DW5579/P1150857.JPG"
"DW5579","DW5579/P1150858.JPG"
"DW5579","DW5579/P1150859.JPG"
"DW5579","DW5579/P1150860.JPG"
"DW5579","DW5579/P1150861.JPG"
"DW5579","DW5579/P1160080.JPG"
"DW5584","DW5584/DW5584/P7103406.JPG"
"DW5584","DW5584/DW5584/P7103407.JPG"
"DW5584","DW5584/P1150939.JPG"
"DW5584","DW5584/P1150940.JPG"
"DW5584","DW5584/P1150941.JPG"
"DW5584","DW5584/P1150942.JPG"
"DW5584","DW5584/P1150943.JPG"
"DW5584","DW5584/P1150944.JPG"
"DW5584","DW5584/P1150945.JPG"
"DW5584","DW5584/P1160085.JPG"
"DW5589","DW5589/P1160076.JPG"
"DW5589","DW5589/P1160077.JPG"
"DW5589","DW5589/P1160078.JPG"
"DW5589","DW5589/P1160090.JPG"
